-- phpMyAdmin SQL Dump
-- version 3.5.5
-- http://www.phpmyadmin.net
--
-- Host: localhost
-- Generation Time: Apr 09, 2013 at 03:03 AM
-- Server version: 5.0.96-community
-- PHP Version: 5.3.17

SET SQL_MODE="NO_AUTO_VALUE_ON_ZERO";
SET time_zone = "+00:00";


/*!40101 SET @OLD_CHARACTER_SET_CLIENT=@@CHARACTER_SET_CLIENT */;
/*!40101 SET @OLD_CHARACTER_SET_RESULTS=@@CHARACTER_SET_RESULTS */;
/*!40101 SET @OLD_COLLATION_CONNECTION=@@COLLATION_CONNECTION */;
/*!40101 SET NAMES utf8 */;

--
-- Database: `somiland_db`
--

-- --------------------------------------------------------

--
-- Table structure for table `acl_pages`
--

CREATE TABLE IF NOT EXISTS `acl_pages` (
  `id` int(11) NOT NULL auto_increment,
  `name` varchar(60) default NULL,
  PRIMARY KEY  (`id`)
) ENGINE=InnoDB DEFAULT CHARSET=latin1 AUTO_INCREMENT=1 ;

-- --------------------------------------------------------

--
-- Table structure for table `acl_users`
--

CREATE TABLE IF NOT EXISTS `acl_users` (
  `id` int(11) NOT NULL auto_increment,
  `acl_user_id` int(11) default NULL,
  `page_id` int(60) default NULL,
  `allowed` tinyint(4) default '0',
  `permissions` varchar(50) default NULL,
  PRIMARY KEY  (`id`)
) ENGINE=InnoDB DEFAULT CHARSET=latin1 AUTO_INCREMENT=1 ;

-- --------------------------------------------------------

--
-- Table structure for table `rate_change`
--

CREATE TABLE IF NOT EXISTS `rate_change` (
  `id` int(11) NOT NULL auto_increment,
  `plot_id` int(11) NOT NULL,
  `previouse_sqAreaCost` float NOT NULL,
  `change_SqAreaCost` float NOT NULL,
  `date` datetime NOT NULL,
  `staff_id` int(11) NOT NULL,
  PRIMARY KEY  (`id`)
) ENGINE=InnoDB  DEFAULT CHARSET=latin1 AUTO_INCREMENT=27 ;

--
-- Dumping data for table `rate_change`
--

INSERT INTO `rate_change` (`id`, `plot_id`, `previouse_sqAreaCost`, `change_SqAreaCost`, `date`, `staff_id`) VALUES
(1, 1, 2500, 3600, '2013-04-08 11:05:20', 0),
(2, 1, 3600, 3650, '2013-04-08 11:06:33', 0),
(3, 2, 2500, 3650, '2013-04-08 11:06:52', 0),
(4, 3, 2500, 3650, '2013-04-08 11:07:02', 0),
(5, 4, 2500, 3650, '2013-04-08 11:07:11', 0),
(6, 5, 2500, 3650, '2013-04-08 11:07:20', 0),
(7, 6, 2500, 3650, '2013-04-08 11:07:29', 0),
(8, 7, 2500, 3650, '2013-04-08 11:07:42', 0),
(9, 8, 2500, 3650, '2013-04-08 11:07:51', 0),
(10, 9, 2500, 3650, '2013-04-08 11:08:03', 0),
(11, 10, 2500, 3650, '2013-04-08 11:08:13', 0),
(12, 11, 2500, 3650, '2013-04-08 11:08:26', 0),
(13, 12, 2500, 3650, '2013-04-08 11:08:35', 0),
(14, 13, 2500, 3650, '2013-04-08 11:08:43', 0),
(15, 14, 2500, 3650, '2013-04-08 11:08:55', 0),
(16, 15, 2500, 3650, '2013-04-08 11:09:06', 0),
(17, 16, 2500, 3650, '2013-04-08 11:09:16', 0),
(18, 17, 2500, 3650, '2013-04-08 11:09:25', 0),
(19, 18, 2500, 3650, '2013-04-08 11:09:34', 0),
(20, 19, 2500, 3650, '2013-04-08 11:09:44', 0),
(21, 20, 2500, 3650, '2013-04-08 11:09:56', 0),
(22, 21, 2500, 3650, '2013-04-08 11:10:06', 0),
(23, 22, 2500, 3650, '2013-04-08 11:10:15', 0),
(24, 23, 2500, 3650, '2013-04-08 11:10:24', 0),
(25, 24, 2500, 3650, '2013-04-08 11:10:32', 0),
(26, 25, 2500, 3650, '2013-04-08 11:10:41', 0);

-- --------------------------------------------------------

--
-- Table structure for table `users`
--

CREATE TABLE IF NOT EXISTS `users` (
  `id` int(11) NOT NULL auto_increment,
  `name` varchar(255) NOT NULL,
  `username` varchar(255) NOT NULL,
  `password` varchar(255) NOT NULL,
  `created_on` datetime NOT NULL,
  `is_system_admin` tinyint(4) NOT NULL,
  PRIMARY KEY  (`id`)
) ENGINE=InnoDB  DEFAULT CHARSET=latin1 AUTO_INCREMENT=2 ;

--
-- Dumping data for table `users`
--

INSERT INTO `users` (`id`, `name`, `username`, `password`, `created_on`, `is_system_admin`) VALUES
(1, 'root123', 'root123', 'root', '0000-00-00 00:00:00', 1);

-- --------------------------------------------------------

--
-- Table structure for table `xagent`
--

CREATE TABLE IF NOT EXISTS `xagent` (
  `id` int(11) NOT NULL auto_increment,
  `name` varchar(255) NOT NULL,
  `mo_number` varchar(255) NOT NULL,
  `address` text NOT NULL,
  PRIMARY KEY  (`id`)
) ENGINE=InnoDB DEFAULT CHARSET=latin1 AUTO_INCREMENT=1 ;

-- --------------------------------------------------------

--
-- Table structure for table `xagent_commission`
--

CREATE TABLE IF NOT EXISTS `xagent_commission` (
  `id` int(11) NOT NULL auto_increment,
  `agent_id` int(11) NOT NULL,
  `amount_deposite_id` int(11) NOT NULL,
  `commission` int(11) NOT NULL,
  PRIMARY KEY  (`id`)
) ENGINE=InnoDB DEFAULT CHARSET=latin1 AUTO_INCREMENT=1 ;

-- --------------------------------------------------------

--
-- Table structure for table `xamount_deposited`
--

CREATE TABLE IF NOT EXISTS `xamount_deposited` (
  `id` int(11) NOT NULL auto_increment,
  `sales_id` int(11) NOT NULL,
  `Amount` int(11) NOT NULL,
  `paid_date` datetime NOT NULL,
  PRIMARY KEY  (`id`)
) ENGINE=InnoDB  DEFAULT CHARSET=latin1 AUTO_INCREMENT=13 ;

--
-- Dumping data for table `xamount_deposited`
--

INSERT INTO `xamount_deposited` (`id`, `sales_id`, `Amount`, `paid_date`) VALUES
(1, 1, 5100, '2013-04-08 00:00:00'),
(2, 2, 5100, '2013-04-08 00:00:00'),
(3, 3, 5100, '2013-04-08 00:00:00'),
(4, 4, 5100, '2013-04-08 00:00:00'),
(5, 5, 5100, '2013-04-08 00:00:00'),
(6, 6, 5100, '2013-04-08 00:00:00'),
(7, 8, 5100, '2013-04-08 00:00:00'),
(8, 10, 5100, '2013-04-08 00:00:00'),
(9, 11, 5100, '2013-04-08 00:00:00'),
(10, 12, 0, '2013-04-09 00:00:00'),
(11, 13, 5100, '2013-04-09 00:00:00'),
(12, 14, 5100, '2013-04-09 00:00:00');

-- --------------------------------------------------------

--
-- Table structure for table `xcheque_details`
--

CREATE TABLE IF NOT EXISTS `xcheque_details` (
  `id` int(11) NOT NULL auto_increment,
  `For_Master_Emi` tinyint(4) NOT NULL default '0',
  `sales_id` int(11) NOT NULL,
  `Cheque_No` varchar(255) NOT NULL,
  `Amount` int(11) NOT NULL,
  `Cleared_On` datetime default NULL,
  `Bounced_On` datetime default NULL,
  `Bank` varchar(255) NOT NULL,
  `Cheque_Date` datetime NOT NULL,
  `Created_at` datetime default NULL,
  PRIMARY KEY  (`id`)
) ENGINE=InnoDB  DEFAULT CHARSET=latin1 AUTO_INCREMENT=4 ;

--
-- Dumping data for table `xcheque_details`
--

INSERT INTO `xcheque_details` (`id`, `For_Master_Emi`, `sales_id`, `Cheque_No`, `Amount`, `Cleared_On`, `Bounced_On`, `Bank`, `Cheque_Date`, `Created_at`) VALUES
(1, 0, 7, '123456', 5100, NULL, NULL, 'BOB', '2013-04-08 00:00:00', '2013-04-08 00:00:00'),
(2, 0, 9, '123456', 5100, NULL, NULL, 'BOB', '2013-04-08 00:00:00', '2013-04-08 00:00:00'),
(3, 0, 15, '951853', 5100, NULL, NULL, 'SBI', '2013-04-09 00:00:00', '2013-04-09 00:00:00');

-- --------------------------------------------------------

--
-- Table structure for table `xcustomer`
--

CREATE TABLE IF NOT EXISTS `xcustomer` (
  `id` int(11) NOT NULL auto_increment,
  `name` varchar(255) NOT NULL,
  `username` varchar(255) NOT NULL,
  `password` varchar(255) NOT NULL,
  `Address` varchar(255) NOT NULL,
  `Occupation` varchar(255) NOT NULL,
  `Company_Name` varchar(255) NOT NULL,
  `Company_Address` varchar(255) NOT NULL,
  `PAN_No` varchar(255) NOT NULL,
  `Contact_No` varchar(255) NOT NULL,
  `Email_Id` varchar(255) NOT NULL,
  `CoApplicant_Name` varchar(255) NOT NULL,
  `CoApplicant_Occupation` varchar(255) NOT NULL,
  `CoApplicant_Address` text NOT NULL,
  `CoApplicant_CompanyName` varchar(255) NOT NULL,
  `CoApplicant_Designation` varchar(255) NOT NULL,
  `CoApplicantCompanyAddress` text NOT NULL,
  `CoApplicant_PAN_No` varchar(255) NOT NULL,
  `CoApplicant_Contact_No` varchar(255) NOT NULL,
  `CoApplicant_Email_Id` varchar(255) NOT NULL,
  PRIMARY KEY  (`id`)
) ENGINE=InnoDB  DEFAULT CHARSET=latin1 AUTO_INCREMENT=23 ;

--
-- Dumping data for table `xcustomer`
--

INSERT INTO `xcustomer` (`id`, `name`, `username`, `password`, `Address`, `Occupation`, `Company_Name`, `Company_Address`, `PAN_No`, `Contact_No`, `Email_Id`, `CoApplicant_Name`, `CoApplicant_Occupation`, `CoApplicant_Address`, `CoApplicant_CompanyName`, `CoApplicant_Designation`, `CoApplicantCompanyAddress`, `CoApplicant_PAN_No`, `CoApplicant_Contact_No`, `CoApplicant_Email_Id`) VALUES
(1, 'TechnicalRoot', 'troot', 'troot', 'troot', 'troot', 'troot', 'troot', 'troot', 'troot', 'troot@troot.com', 'troot', 'troot', 'troot', 'troot', 'troot', 'troot', 'troot', 'troot', 'troot'),
(2, 'Root', 'root', 'root', 'root', 'root', 'root', 'root', 'root', 'root', 'root', 'root', 'root', 'root', 'root', 'root', 'root', 'root', 'root', 'root'),
(8, 'Colors Procon Pvt. Ltd.', 'colors1', '1234', 'xyz', 'business', 'colors', 'as above', '', '', '', '', '', '', '', '', '', '', '', ''),
(9, 'Colors Procon Pvt Ltd.', 'colors2', '1234', 'Shivalik 9, Opp. Purneshwar flats, Near Passport Office, Gulbai Tekra, Ahmedabad, Gujarat', 'Business', 'Colors Procon Pvt Ltd.', 'Shivalik 9, Opp. Purneshwar flats, Near Passport Office, Gulbai Tekra, Ahmedabad, Gujarat', '', '', '', '', '', '', '', '', '', '', '', ''),
(10, 'Somi Land Developers Pvt. Ltd.', 'somi1', '1234', 'Shivalik 9, Opp. Purneshwar Flates, Nr. Passport Office, Gulbai Tekra, Ahmedabad, Gujarat', 'Business', 'Somi Land Developers Pvt. Ltd.', 'Shivalik 9, Opp. Purneshwar Flates, Nr. Passport Office, Gulbai Tekra, Ahmedabad, Gujarat', '', '', '', '', '', '', '', '', '', '', '', ''),
(11, 'Somi Land Developers Pvt. Ltd.', 'somi2', '1234', 'Shivalik 9, Opp. Purneshwar Flates, Near Passport Office, Gulbai Tekra, Ahmedabad, Gujarat', 'Business', 'Somi Land Developers Pvt. Ltd.', 'Shivalik 9, Opp. Purneshwar Flates, Near Passport Office, Gulbai Tekra, Ahmedabad, Gujarat', '', '', '', '', '', '', '', '', '', '', '', ''),
(12, 'Rekha Ratnesh Pandey', 'rekharp', '1234', 'Block no.1/11, Jai Mahadev Nagar, Near Balol Nagar, Nava Vadaj Ahmedabad, Gujarat', 'Business', 'Ratnesh Pandey', 'Block no.1/11, Jai Mahadev Nagar, Near Balol Nagar, Nava Vadaj Ahmedabad, Gujarat', 'BBZPP8908D', '', '', 'Ratnesh Pandey', 'Business', 'Block no.1/11, Jai Mahadev Nagar, Near Balol Nagar, Nava Vadaj Ahmedabad, Gujarat', '', '', '', 'ALFPP6323B', '8511454359', 'ratnesh.saharacare2009@gmail.com'),
(13, 'Pratik J Kshatriya', 'pratikjk', '1234', 'A-6, Kamlesh Park Society, Behind Priya Cinema, Krishna Nagar, Naroda, Ahmedabad, Gujarat', 'Business', 'A Healthy Life Management', 'C-902, Devnandan sky', 'ABHPK0960B', '', 'gmanagemeent@gmail.com', 'Mrs. Sabita D Debnath', 'Business', 'A-6, Kamlesh Park Society, Behind Priya Cinema, Krishna Nagar, Naroda, Ahmedabad, Gujarat', '', '', '', 'APQPD2474Q', '', ''),
(14, 'Chandrabhushan Pandey', 'cbpandey', '1234', 'B-101, Shanti Dham Flat, Near Jain Derasar, D-Cabin, Sabarmati, Ahmedabad, Gujarat.', 'Service', '', '', 'AJHPP2112Q', '', '', 'Aarti Pandey', '', '', '', '', '', '', '', ''),
(15, 'Nathunath Velnath Jogi', 'nvjogi', '1234', '13/477, Vraj Nagari, 100 ft rd, Anand Nagar Road, Opp. Seema Hall, Vejalpur, Ahmedabad, Gujarat', 'Business', '-', '-', 'AHTPJ8064H', '', '', 'Manjudevi N. Jogi', '', '13/477, Vraj Nagari, 100 ft rd, Anand Nagar Road, Opp. Seema Hall, Vejalpur, Ahmedabad, Gujarat', '', '', '', '', '', ''),
(16, 'Shankarnath Velnath Jogi', 'svjogi', '1234', 'V.P.O.- Jawad, Tehsil, Sarada, Dist- Udaipur, Rajasthan', '', '', '', 'ADFPY0677B', '', '', '', '', '', '', '', '', '', '', ''),
(17, 'Premnath Velnath Jogi', 'pvjogi', '1234', '11/405, Vraj Nagri, 100ft Ring Road, Vejalpur, Ahmedabad, Gujarat', '', '', '', 'AHTPN9421G', '', '', '', '', '', '', '', '', '', '', ''),
(18, 'Mohannath Velnath Jogi', 'mvjogi', '1234', '13/469, Vraj Nagri, Opp. Seema Hall, 100 ft. Ring Road, Vejalpur, Ahmedabad, Gujarat', '', '', '', '', '', '', '', '', '', '', '', '', '', '', ''),
(19, 'Kamalaben Shyamlal Kahar', 'kamalask', '1234', 'Gali no. 10, Surai Nagar, Behind Vasna Police Chowki, Vasna, Ahmedabad, Gujarat', 'Business', '-', '-', '', '', '', '', '', '', '', '', '', '', '', ''),
(20, 'Patel Zohra J.', 'amrinp', '1234', '128, Prabhu Nagar, No.2, Z.I. Nutrition Center, Dani Limbra, Ahmedabad, Gujarat', '', '', '', 'BXAPP2047G', '', '', '', '', '', '', '', '', '', '', ''),
(21, 'Bhadhrayu Navinchandra Parmar', 'bnparmar', '1234', '201, Suryakoti Flats, Chinubhai Colony, Kankariya, Maninagar, Ahmedabad, Gujarat', '', '', '', 'ANZPP5249E', '', '', '', '', '', '', '', '', '', '', ''),
(22, 'Kamlesh Kumar Sureshbhai Parmar', 'ksparmar', '1234', '10/217, Gauatri Nagar, AEC Road, Nr. Janta Nagar, Amarayuwadi, Ahmedabad, Gujarat', '', '', '', 'APXPP2642D', '', '', '', '', '', '', '', '', '', '', '');

-- --------------------------------------------------------

--
-- Table structure for table `xdistributors`
--

CREATE TABLE IF NOT EXISTS `xdistributors` (
  `id` int(11) NOT NULL auto_increment,
  `customer_id` int(11) NOT NULL,
  `sponsor_id` int(11) NOT NULL,
  `introducer_id` int(11) NOT NULL,
  `legA_id` int(11) NOT NULL,
  `legB_id` int(11) NOT NULL,
  `legC_id` int(11) NOT NULL,
  `legD_id` int(11) NOT NULL,
  `Introduction_Income` int(11) NOT NULL default '0',
  `Level_1_Commission` int(11) NOT NULL,
  `Level_2_Commission` int(11) NOT NULL,
  `Level_3_Commission` int(11) NOT NULL,
  `Level_4_Commission` int(11) NOT NULL,
  `Level_5_Commission` int(11) NOT NULL,
  `Level_6_Commission` int(11) NOT NULL,
  `Level_1_Count` int(11) NOT NULL default '0',
  `Level_2_Count` int(11) NOT NULL default '0',
  `Level_3_Count` int(11) NOT NULL default '0',
  `Level_4_Count` int(11) NOT NULL default '0',
  `Level_5_Count` int(11) NOT NULL default '0',
  `Level_6_Count` int(11) NOT NULL default '0',
  `Path` text NOT NULL,
  PRIMARY KEY  (`id`)
) ENGINE=InnoDB  DEFAULT CHARSET=latin1 AUTO_INCREMENT=23 ;

--
-- Dumping data for table `xdistributors`
--

INSERT INTO `xdistributors` (`id`, `customer_id`, `sponsor_id`, `introducer_id`, `legA_id`, `legB_id`, `legC_id`, `legD_id`, `Introduction_Income`, `Level_1_Commission`, `Level_2_Commission`, `Level_3_Commission`, `Level_4_Commission`, `Level_5_Commission`, `Level_6_Commission`, `Level_1_Count`, `Level_2_Count`, `Level_3_Count`, `Level_4_Count`, `Level_5_Count`, `Level_6_Count`, `Path`) VALUES
(1, 1, 0, 0, 2, 0, 0, 0, 0, 0, 360, 80, 140, 240, 0, 1, 4, 1, 3, 7, 0, '0'),
(2, 2, 1, 1, 8, 9, 10, 11, 4000, 400, 90, 160, 280, 0, 0, 4, 1, 3, 7, 0, 0, '0A'),
(8, 8, 2, 2, 0, 0, 0, 0, 0, 0, 0, 0, 0, 0, 0, 0, 0, 0, 0, 0, 0, '0AA'),
(9, 9, 2, 2, 0, 0, 0, 0, 0, 0, 0, 0, 0, 0, 0, 0, 0, 0, 0, 0, 0, '0AB'),
(10, 10, 2, 2, 0, 0, 0, 0, 0, 0, 0, 0, 0, 0, 0, 0, 0, 0, 0, 0, 0, '0AC'),
(11, 11, 2, 2, 0, 0, 0, 12, 1000, 100, 180, 320, 0, 0, 0, 1, 3, 7, 0, 0, 0, '0AD'),
(12, 12, 11, 11, 13, 14, 15, 0, 2000, 200, 360, 0, 0, 0, 0, 3, 7, 0, 0, 0, 0, '0ADD'),
(13, 13, 12, 12, 19, 20, 21, 22, 3000, 200, 0, 0, 0, 0, 0, 4, 0, 0, 0, 0, 0, '0ADDA'),
(14, 14, 12, 12, 0, 0, 0, 0, 0, 0, 0, 0, 0, 0, 0, 0, 0, 0, 0, 0, 0, '0ADDB'),
(15, 15, 12, 12, 16, 17, 18, 0, 2000, 200, 0, 0, 0, 0, 0, 3, 0, 0, 0, 0, 0, '0ADDC'),
(16, 16, 15, 15, 0, 0, 0, 0, 0, 0, 0, 0, 0, 0, 0, 0, 0, 0, 0, 0, 0, '0ADDCA'),
(17, 17, 15, 15, 0, 0, 0, 0, 0, 0, 0, 0, 0, 0, 0, 0, 0, 0, 0, 0, 0, '0ADDCB'),
(18, 18, 15, 15, 0, 0, 0, 0, 0, 0, 0, 0, 0, 0, 0, 0, 0, 0, 0, 0, 0, '0ADDCC'),
(19, 19, 13, 13, 0, 0, 0, 0, 0, 0, 0, 0, 0, 0, 0, 0, 0, 0, 0, 0, 0, '0ADDAA'),
(20, 20, 13, 13, 0, 0, 0, 0, 0, 0, 0, 0, 0, 0, 0, 0, 0, 0, 0, 0, 0, '0ADDAB'),
(21, 21, 13, 13, 0, 0, 0, 0, 0, 0, 0, 0, 0, 0, 0, 0, 0, 0, 0, 0, 0, '0ADDAC'),
(22, 22, 13, 13, 0, 0, 0, 0, 0, 0, 0, 0, 0, 0, 0, 0, 0, 0, 0, 0, 0, '0ADDAD');

-- --------------------------------------------------------

--
-- Table structure for table `xemis`
--

CREATE TABLE IF NOT EXISTS `xemis` (
  `id` int(11) NOT NULL auto_increment,
  `sales_id` int(11) NOT NULL,
  `due_date` datetime NOT NULL,
  `paid_date` datetime NOT NULL,
  `EMIAmount` float NOT NULL,
  `AmountPaid` float NOT NULL,
  `is_master_emi` tinyint(4) NOT NULL default '0',
  PRIMARY KEY  (`id`)
) ENGINE=InnoDB  DEFAULT CHARSET=latin1 AUTO_INCREMENT=1186 ;

--
-- Dumping data for table `xemis`
--

INSERT INTO `xemis` (`id`, `sales_id`, `due_date`, `paid_date`, `EMIAmount`, `AmountPaid`, `is_master_emi`) VALUES
(1, 1, '2013-06-08 00:00:00', '2013-04-08 00:00:00', 5100, 5100, 0),
(2, 1, '2013-07-08 00:00:00', '0000-00-00 00:00:00', 5100, 0, 0),
(3, 1, '2013-08-08 00:00:00', '0000-00-00 00:00:00', 5100, 0, 0),
(4, 1, '2013-09-08 00:00:00', '0000-00-00 00:00:00', 5100, 0, 0),
(5, 1, '2013-10-08 00:00:00', '0000-00-00 00:00:00', 5100, 0, 0),
(6, 1, '2013-11-08 00:00:00', '0000-00-00 00:00:00', 5100, 0, 0),
(7, 1, '2013-12-08 00:00:00', '0000-00-00 00:00:00', 5100, 0, 0),
(8, 1, '2014-01-08 00:00:00', '0000-00-00 00:00:00', 5100, 0, 0),
(9, 1, '2014-02-08 00:00:00', '0000-00-00 00:00:00', 5100, 0, 0),
(10, 1, '2014-03-08 00:00:00', '0000-00-00 00:00:00', 5100, 0, 0),
(11, 1, '2014-04-08 00:00:00', '0000-00-00 00:00:00', 5100, 0, 0),
(12, 1, '2014-05-08 00:00:00', '0000-00-00 00:00:00', 5100, 0, 0),
(13, 1, '2014-05-08 00:00:00', '0000-00-00 00:00:00', 18888, 0, 1),
(14, 1, '2014-06-08 00:00:00', '0000-00-00 00:00:00', 5100, 0, 0),
(15, 1, '2014-07-08 00:00:00', '0000-00-00 00:00:00', 5100, 0, 0),
(16, 1, '2014-08-08 00:00:00', '0000-00-00 00:00:00', 5100, 0, 0),
(17, 1, '2014-09-08 00:00:00', '0000-00-00 00:00:00', 5100, 0, 0),
(18, 1, '2014-10-08 00:00:00', '0000-00-00 00:00:00', 5100, 0, 0),
(19, 1, '2014-11-08 00:00:00', '0000-00-00 00:00:00', 5100, 0, 0),
(20, 1, '2014-12-08 00:00:00', '0000-00-00 00:00:00', 5100, 0, 0),
(21, 1, '2015-01-08 00:00:00', '0000-00-00 00:00:00', 5100, 0, 0),
(22, 1, '2015-02-08 00:00:00', '0000-00-00 00:00:00', 5100, 0, 0),
(23, 1, '2015-03-08 00:00:00', '0000-00-00 00:00:00', 5100, 0, 0),
(24, 1, '2015-04-08 00:00:00', '0000-00-00 00:00:00', 5100, 0, 0),
(25, 1, '2015-05-08 00:00:00', '0000-00-00 00:00:00', 5100, 0, 0),
(26, 1, '2015-05-08 00:00:00', '0000-00-00 00:00:00', 18888, 0, 1),
(27, 1, '2015-06-08 00:00:00', '0000-00-00 00:00:00', 5100, 0, 0),
(28, 1, '2015-07-08 00:00:00', '0000-00-00 00:00:00', 5100, 0, 0),
(29, 1, '2015-08-08 00:00:00', '0000-00-00 00:00:00', 5100, 0, 0),
(30, 1, '2015-09-08 00:00:00', '0000-00-00 00:00:00', 5100, 0, 0),
(31, 1, '2015-10-08 00:00:00', '0000-00-00 00:00:00', 5100, 0, 0),
(32, 1, '2015-11-08 00:00:00', '0000-00-00 00:00:00', 5100, 0, 0),
(33, 1, '2015-12-08 00:00:00', '0000-00-00 00:00:00', 5100, 0, 0),
(34, 1, '2016-01-08 00:00:00', '0000-00-00 00:00:00', 5100, 0, 0),
(35, 1, '2016-02-08 00:00:00', '0000-00-00 00:00:00', 5100, 0, 0),
(36, 1, '2016-03-08 00:00:00', '0000-00-00 00:00:00', 5100, 0, 0),
(37, 1, '2016-04-08 00:00:00', '0000-00-00 00:00:00', 5100, 0, 0),
(38, 1, '2016-05-08 00:00:00', '0000-00-00 00:00:00', 5100, 0, 0),
(39, 1, '2016-05-08 00:00:00', '0000-00-00 00:00:00', 18888, 0, 1),
(40, 1, '2016-06-08 00:00:00', '0000-00-00 00:00:00', 5100, 0, 0),
(41, 1, '2016-07-08 00:00:00', '0000-00-00 00:00:00', 5100, 0, 0),
(42, 1, '2016-08-08 00:00:00', '0000-00-00 00:00:00', 5100, 0, 0),
(43, 1, '2016-09-08 00:00:00', '0000-00-00 00:00:00', 5100, 0, 0),
(44, 1, '2016-10-08 00:00:00', '0000-00-00 00:00:00', 5100, 0, 0),
(45, 1, '2016-11-08 00:00:00', '0000-00-00 00:00:00', 5100, 0, 0),
(46, 1, '2016-12-08 00:00:00', '0000-00-00 00:00:00', 5100, 0, 0),
(47, 1, '2017-01-08 00:00:00', '0000-00-00 00:00:00', 5100, 0, 0),
(48, 1, '2017-02-08 00:00:00', '0000-00-00 00:00:00', 5100, 0, 0),
(49, 1, '2017-03-08 00:00:00', '0000-00-00 00:00:00', 5100, 0, 0),
(50, 1, '2017-04-08 00:00:00', '0000-00-00 00:00:00', 5100, 0, 0),
(51, 1, '2017-05-08 00:00:00', '0000-00-00 00:00:00', 5100, 0, 0),
(52, 1, '2017-05-08 00:00:00', '0000-00-00 00:00:00', 18888, 0, 1),
(53, 1, '2017-06-08 00:00:00', '0000-00-00 00:00:00', 5100, 0, 0),
(54, 1, '2017-07-08 00:00:00', '0000-00-00 00:00:00', 5100, 0, 0),
(55, 1, '2017-08-08 00:00:00', '0000-00-00 00:00:00', 5100, 0, 0),
(56, 1, '2017-09-08 00:00:00', '0000-00-00 00:00:00', 5100, 0, 0),
(57, 1, '2017-10-08 00:00:00', '0000-00-00 00:00:00', 5100, 0, 0),
(58, 1, '2017-11-08 00:00:00', '0000-00-00 00:00:00', 5100, 0, 0),
(59, 1, '2017-12-08 00:00:00', '0000-00-00 00:00:00', 5100, 0, 0),
(60, 1, '2018-01-08 00:00:00', '0000-00-00 00:00:00', 5100, 0, 0),
(61, 1, '2018-02-08 00:00:00', '0000-00-00 00:00:00', 5100, 0, 0),
(62, 1, '2018-03-08 00:00:00', '0000-00-00 00:00:00', 5100, 0, 0),
(63, 1, '2018-04-08 00:00:00', '0000-00-00 00:00:00', 5100, 0, 0),
(64, 1, '2018-05-08 00:00:00', '0000-00-00 00:00:00', 5100, 0, 0),
(65, 1, '2018-05-08 00:00:00', '0000-00-00 00:00:00', 18888, 0, 1),
(66, 1, '2018-06-08 00:00:00', '0000-00-00 00:00:00', 5100, 0, 0),
(67, 1, '2018-07-08 00:00:00', '0000-00-00 00:00:00', 5100, 0, 0),
(68, 1, '2018-08-08 00:00:00', '0000-00-00 00:00:00', 5100, 0, 0),
(69, 1, '2018-09-08 00:00:00', '0000-00-00 00:00:00', 5100, 0, 0),
(70, 1, '2018-10-08 00:00:00', '0000-00-00 00:00:00', 5100, 0, 0),
(71, 1, '2018-11-08 00:00:00', '0000-00-00 00:00:00', 5100, 0, 0),
(72, 1, '2018-12-08 00:00:00', '0000-00-00 00:00:00', 5100, 0, 0),
(73, 1, '2019-01-08 00:00:00', '0000-00-00 00:00:00', 5100, 0, 0),
(74, 1, '2019-02-08 00:00:00', '0000-00-00 00:00:00', 5100, 0, 0),
(75, 1, '2019-03-08 00:00:00', '0000-00-00 00:00:00', 5100, 0, 0),
(76, 1, '2019-04-08 00:00:00', '0000-00-00 00:00:00', 5100, 0, 0),
(77, 1, '2019-05-08 00:00:00', '0000-00-00 00:00:00', 5100, 0, 0),
(78, 1, '2019-05-08 00:00:00', '0000-00-00 00:00:00', 18888, 0, 1),
(79, 1, '2019-06-08 00:00:00', '0000-00-00 00:00:00', 5100, 0, 0),
(80, 2, '2013-06-08 00:00:00', '2013-04-08 00:00:00', 5100, 5100, 0),
(81, 2, '2013-07-08 00:00:00', '0000-00-00 00:00:00', 5100, 0, 0),
(82, 2, '2013-08-08 00:00:00', '0000-00-00 00:00:00', 5100, 0, 0),
(83, 2, '2013-09-08 00:00:00', '0000-00-00 00:00:00', 5100, 0, 0),
(84, 2, '2013-10-08 00:00:00', '0000-00-00 00:00:00', 5100, 0, 0),
(85, 2, '2013-11-08 00:00:00', '0000-00-00 00:00:00', 5100, 0, 0),
(86, 2, '2013-12-08 00:00:00', '0000-00-00 00:00:00', 5100, 0, 0),
(87, 2, '2014-01-08 00:00:00', '0000-00-00 00:00:00', 5100, 0, 0),
(88, 2, '2014-02-08 00:00:00', '0000-00-00 00:00:00', 5100, 0, 0),
(89, 2, '2014-03-08 00:00:00', '0000-00-00 00:00:00', 5100, 0, 0),
(90, 2, '2014-04-08 00:00:00', '0000-00-00 00:00:00', 5100, 0, 0),
(91, 2, '2014-05-08 00:00:00', '0000-00-00 00:00:00', 5100, 0, 0),
(92, 2, '2014-05-08 00:00:00', '0000-00-00 00:00:00', 18888, 0, 1),
(93, 2, '2014-06-08 00:00:00', '0000-00-00 00:00:00', 5100, 0, 0),
(94, 2, '2014-07-08 00:00:00', '0000-00-00 00:00:00', 5100, 0, 0),
(95, 2, '2014-08-08 00:00:00', '0000-00-00 00:00:00', 5100, 0, 0),
(96, 2, '2014-09-08 00:00:00', '0000-00-00 00:00:00', 5100, 0, 0),
(97, 2, '2014-10-08 00:00:00', '0000-00-00 00:00:00', 5100, 0, 0),
(98, 2, '2014-11-08 00:00:00', '0000-00-00 00:00:00', 5100, 0, 0),
(99, 2, '2014-12-08 00:00:00', '0000-00-00 00:00:00', 5100, 0, 0),
(100, 2, '2015-01-08 00:00:00', '0000-00-00 00:00:00', 5100, 0, 0),
(101, 2, '2015-02-08 00:00:00', '0000-00-00 00:00:00', 5100, 0, 0),
(102, 2, '2015-03-08 00:00:00', '0000-00-00 00:00:00', 5100, 0, 0),
(103, 2, '2015-04-08 00:00:00', '0000-00-00 00:00:00', 5100, 0, 0),
(104, 2, '2015-05-08 00:00:00', '0000-00-00 00:00:00', 5100, 0, 0),
(105, 2, '2015-05-08 00:00:00', '0000-00-00 00:00:00', 18888, 0, 1),
(106, 2, '2015-06-08 00:00:00', '0000-00-00 00:00:00', 5100, 0, 0),
(107, 2, '2015-07-08 00:00:00', '0000-00-00 00:00:00', 5100, 0, 0),
(108, 2, '2015-08-08 00:00:00', '0000-00-00 00:00:00', 5100, 0, 0),
(109, 2, '2015-09-08 00:00:00', '0000-00-00 00:00:00', 5100, 0, 0),
(110, 2, '2015-10-08 00:00:00', '0000-00-00 00:00:00', 5100, 0, 0),
(111, 2, '2015-11-08 00:00:00', '0000-00-00 00:00:00', 5100, 0, 0),
(112, 2, '2015-12-08 00:00:00', '0000-00-00 00:00:00', 5100, 0, 0),
(113, 2, '2016-01-08 00:00:00', '0000-00-00 00:00:00', 5100, 0, 0),
(114, 2, '2016-02-08 00:00:00', '0000-00-00 00:00:00', 5100, 0, 0),
(115, 2, '2016-03-08 00:00:00', '0000-00-00 00:00:00', 5100, 0, 0),
(116, 2, '2016-04-08 00:00:00', '0000-00-00 00:00:00', 5100, 0, 0),
(117, 2, '2016-05-08 00:00:00', '0000-00-00 00:00:00', 5100, 0, 0),
(118, 2, '2016-05-08 00:00:00', '0000-00-00 00:00:00', 18888, 0, 1),
(119, 2, '2016-06-08 00:00:00', '0000-00-00 00:00:00', 5100, 0, 0),
(120, 2, '2016-07-08 00:00:00', '0000-00-00 00:00:00', 5100, 0, 0),
(121, 2, '2016-08-08 00:00:00', '0000-00-00 00:00:00', 5100, 0, 0),
(122, 2, '2016-09-08 00:00:00', '0000-00-00 00:00:00', 5100, 0, 0),
(123, 2, '2016-10-08 00:00:00', '0000-00-00 00:00:00', 5100, 0, 0),
(124, 2, '2016-11-08 00:00:00', '0000-00-00 00:00:00', 5100, 0, 0),
(125, 2, '2016-12-08 00:00:00', '0000-00-00 00:00:00', 5100, 0, 0),
(126, 2, '2017-01-08 00:00:00', '0000-00-00 00:00:00', 5100, 0, 0),
(127, 2, '2017-02-08 00:00:00', '0000-00-00 00:00:00', 5100, 0, 0),
(128, 2, '2017-03-08 00:00:00', '0000-00-00 00:00:00', 5100, 0, 0),
(129, 2, '2017-04-08 00:00:00', '0000-00-00 00:00:00', 5100, 0, 0),
(130, 2, '2017-05-08 00:00:00', '0000-00-00 00:00:00', 5100, 0, 0),
(131, 2, '2017-05-08 00:00:00', '0000-00-00 00:00:00', 18888, 0, 1),
(132, 2, '2017-06-08 00:00:00', '0000-00-00 00:00:00', 5100, 0, 0),
(133, 2, '2017-07-08 00:00:00', '0000-00-00 00:00:00', 5100, 0, 0),
(134, 2, '2017-08-08 00:00:00', '0000-00-00 00:00:00', 5100, 0, 0),
(135, 2, '2017-09-08 00:00:00', '0000-00-00 00:00:00', 5100, 0, 0),
(136, 2, '2017-10-08 00:00:00', '0000-00-00 00:00:00', 5100, 0, 0),
(137, 2, '2017-11-08 00:00:00', '0000-00-00 00:00:00', 5100, 0, 0),
(138, 2, '2017-12-08 00:00:00', '0000-00-00 00:00:00', 5100, 0, 0),
(139, 2, '2018-01-08 00:00:00', '0000-00-00 00:00:00', 5100, 0, 0),
(140, 2, '2018-02-08 00:00:00', '0000-00-00 00:00:00', 5100, 0, 0),
(141, 2, '2018-03-08 00:00:00', '0000-00-00 00:00:00', 5100, 0, 0),
(142, 2, '2018-04-08 00:00:00', '0000-00-00 00:00:00', 5100, 0, 0),
(143, 2, '2018-05-08 00:00:00', '0000-00-00 00:00:00', 5100, 0, 0),
(144, 2, '2018-05-08 00:00:00', '0000-00-00 00:00:00', 18888, 0, 1),
(145, 2, '2018-06-08 00:00:00', '0000-00-00 00:00:00', 5100, 0, 0),
(146, 2, '2018-07-08 00:00:00', '0000-00-00 00:00:00', 5100, 0, 0),
(147, 2, '2018-08-08 00:00:00', '0000-00-00 00:00:00', 5100, 0, 0),
(148, 2, '2018-09-08 00:00:00', '0000-00-00 00:00:00', 5100, 0, 0),
(149, 2, '2018-10-08 00:00:00', '0000-00-00 00:00:00', 5100, 0, 0),
(150, 2, '2018-11-08 00:00:00', '0000-00-00 00:00:00', 5100, 0, 0),
(151, 2, '2018-12-08 00:00:00', '0000-00-00 00:00:00', 5100, 0, 0),
(152, 2, '2019-01-08 00:00:00', '0000-00-00 00:00:00', 5100, 0, 0),
(153, 2, '2019-02-08 00:00:00', '0000-00-00 00:00:00', 5100, 0, 0),
(154, 2, '2019-03-08 00:00:00', '0000-00-00 00:00:00', 5100, 0, 0),
(155, 2, '2019-04-08 00:00:00', '0000-00-00 00:00:00', 5100, 0, 0),
(156, 2, '2019-05-08 00:00:00', '0000-00-00 00:00:00', 5100, 0, 0),
(157, 2, '2019-05-08 00:00:00', '0000-00-00 00:00:00', 18888, 0, 1),
(158, 2, '2019-06-08 00:00:00', '0000-00-00 00:00:00', 5100, 0, 0),
(159, 3, '2013-06-08 00:00:00', '2013-04-08 00:00:00', 5100, 5100, 0),
(160, 3, '2013-07-08 00:00:00', '0000-00-00 00:00:00', 5100, 0, 0),
(161, 3, '2013-08-08 00:00:00', '0000-00-00 00:00:00', 5100, 0, 0),
(162, 3, '2013-09-08 00:00:00', '0000-00-00 00:00:00', 5100, 0, 0),
(163, 3, '2013-10-08 00:00:00', '0000-00-00 00:00:00', 5100, 0, 0),
(164, 3, '2013-11-08 00:00:00', '0000-00-00 00:00:00', 5100, 0, 0),
(165, 3, '2013-12-08 00:00:00', '0000-00-00 00:00:00', 5100, 0, 0),
(166, 3, '2014-01-08 00:00:00', '0000-00-00 00:00:00', 5100, 0, 0),
(167, 3, '2014-02-08 00:00:00', '0000-00-00 00:00:00', 5100, 0, 0),
(168, 3, '2014-03-08 00:00:00', '0000-00-00 00:00:00', 5100, 0, 0),
(169, 3, '2014-04-08 00:00:00', '0000-00-00 00:00:00', 5100, 0, 0),
(170, 3, '2014-05-08 00:00:00', '0000-00-00 00:00:00', 5100, 0, 0),
(171, 3, '2014-05-08 00:00:00', '0000-00-00 00:00:00', 18888, 0, 1),
(172, 3, '2014-06-08 00:00:00', '0000-00-00 00:00:00', 5100, 0, 0),
(173, 3, '2014-07-08 00:00:00', '0000-00-00 00:00:00', 5100, 0, 0),
(174, 3, '2014-08-08 00:00:00', '0000-00-00 00:00:00', 5100, 0, 0),
(175, 3, '2014-09-08 00:00:00', '0000-00-00 00:00:00', 5100, 0, 0),
(176, 3, '2014-10-08 00:00:00', '0000-00-00 00:00:00', 5100, 0, 0),
(177, 3, '2014-11-08 00:00:00', '0000-00-00 00:00:00', 5100, 0, 0),
(178, 3, '2014-12-08 00:00:00', '0000-00-00 00:00:00', 5100, 0, 0),
(179, 3, '2015-01-08 00:00:00', '0000-00-00 00:00:00', 5100, 0, 0),
(180, 3, '2015-02-08 00:00:00', '0000-00-00 00:00:00', 5100, 0, 0),
(181, 3, '2015-03-08 00:00:00', '0000-00-00 00:00:00', 5100, 0, 0),
(182, 3, '2015-04-08 00:00:00', '0000-00-00 00:00:00', 5100, 0, 0),
(183, 3, '2015-05-08 00:00:00', '0000-00-00 00:00:00', 5100, 0, 0),
(184, 3, '2015-05-08 00:00:00', '0000-00-00 00:00:00', 18888, 0, 1),
(185, 3, '2015-06-08 00:00:00', '0000-00-00 00:00:00', 5100, 0, 0),
(186, 3, '2015-07-08 00:00:00', '0000-00-00 00:00:00', 5100, 0, 0),
(187, 3, '2015-08-08 00:00:00', '0000-00-00 00:00:00', 5100, 0, 0),
(188, 3, '2015-09-08 00:00:00', '0000-00-00 00:00:00', 5100, 0, 0),
(189, 3, '2015-10-08 00:00:00', '0000-00-00 00:00:00', 5100, 0, 0),
(190, 3, '2015-11-08 00:00:00', '0000-00-00 00:00:00', 5100, 0, 0),
(191, 3, '2015-12-08 00:00:00', '0000-00-00 00:00:00', 5100, 0, 0),
(192, 3, '2016-01-08 00:00:00', '0000-00-00 00:00:00', 5100, 0, 0),
(193, 3, '2016-02-08 00:00:00', '0000-00-00 00:00:00', 5100, 0, 0),
(194, 3, '2016-03-08 00:00:00', '0000-00-00 00:00:00', 5100, 0, 0),
(195, 3, '2016-04-08 00:00:00', '0000-00-00 00:00:00', 5100, 0, 0),
(196, 3, '2016-05-08 00:00:00', '0000-00-00 00:00:00', 5100, 0, 0),
(197, 3, '2016-05-08 00:00:00', '0000-00-00 00:00:00', 18888, 0, 1),
(198, 3, '2016-06-08 00:00:00', '0000-00-00 00:00:00', 5100, 0, 0),
(199, 3, '2016-07-08 00:00:00', '0000-00-00 00:00:00', 5100, 0, 0),
(200, 3, '2016-08-08 00:00:00', '0000-00-00 00:00:00', 5100, 0, 0),
(201, 3, '2016-09-08 00:00:00', '0000-00-00 00:00:00', 5100, 0, 0),
(202, 3, '2016-10-08 00:00:00', '0000-00-00 00:00:00', 5100, 0, 0),
(203, 3, '2016-11-08 00:00:00', '0000-00-00 00:00:00', 5100, 0, 0),
(204, 3, '2016-12-08 00:00:00', '0000-00-00 00:00:00', 5100, 0, 0),
(205, 3, '2017-01-08 00:00:00', '0000-00-00 00:00:00', 5100, 0, 0),
(206, 3, '2017-02-08 00:00:00', '0000-00-00 00:00:00', 5100, 0, 0),
(207, 3, '2017-03-08 00:00:00', '0000-00-00 00:00:00', 5100, 0, 0),
(208, 3, '2017-04-08 00:00:00', '0000-00-00 00:00:00', 5100, 0, 0),
(209, 3, '2017-05-08 00:00:00', '0000-00-00 00:00:00', 5100, 0, 0),
(210, 3, '2017-05-08 00:00:00', '0000-00-00 00:00:00', 18888, 0, 1),
(211, 3, '2017-06-08 00:00:00', '0000-00-00 00:00:00', 5100, 0, 0),
(212, 3, '2017-07-08 00:00:00', '0000-00-00 00:00:00', 5100, 0, 0),
(213, 3, '2017-08-08 00:00:00', '0000-00-00 00:00:00', 5100, 0, 0),
(214, 3, '2017-09-08 00:00:00', '0000-00-00 00:00:00', 5100, 0, 0),
(215, 3, '2017-10-08 00:00:00', '0000-00-00 00:00:00', 5100, 0, 0),
(216, 3, '2017-11-08 00:00:00', '0000-00-00 00:00:00', 5100, 0, 0),
(217, 3, '2017-12-08 00:00:00', '0000-00-00 00:00:00', 5100, 0, 0),
(218, 3, '2018-01-08 00:00:00', '0000-00-00 00:00:00', 5100, 0, 0),
(219, 3, '2018-02-08 00:00:00', '0000-00-00 00:00:00', 5100, 0, 0),
(220, 3, '2018-03-08 00:00:00', '0000-00-00 00:00:00', 5100, 0, 0),
(221, 3, '2018-04-08 00:00:00', '0000-00-00 00:00:00', 5100, 0, 0),
(222, 3, '2018-05-08 00:00:00', '0000-00-00 00:00:00', 5100, 0, 0),
(223, 3, '2018-05-08 00:00:00', '0000-00-00 00:00:00', 18888, 0, 1),
(224, 3, '2018-06-08 00:00:00', '0000-00-00 00:00:00', 5100, 0, 0),
(225, 3, '2018-07-08 00:00:00', '0000-00-00 00:00:00', 5100, 0, 0),
(226, 3, '2018-08-08 00:00:00', '0000-00-00 00:00:00', 5100, 0, 0),
(227, 3, '2018-09-08 00:00:00', '0000-00-00 00:00:00', 5100, 0, 0),
(228, 3, '2018-10-08 00:00:00', '0000-00-00 00:00:00', 5100, 0, 0),
(229, 3, '2018-11-08 00:00:00', '0000-00-00 00:00:00', 5100, 0, 0),
(230, 3, '2018-12-08 00:00:00', '0000-00-00 00:00:00', 5100, 0, 0),
(231, 3, '2019-01-08 00:00:00', '0000-00-00 00:00:00', 5100, 0, 0),
(232, 3, '2019-02-08 00:00:00', '0000-00-00 00:00:00', 5100, 0, 0),
(233, 3, '2019-03-08 00:00:00', '0000-00-00 00:00:00', 5100, 0, 0),
(234, 3, '2019-04-08 00:00:00', '0000-00-00 00:00:00', 5100, 0, 0),
(235, 3, '2019-05-08 00:00:00', '0000-00-00 00:00:00', 5100, 0, 0),
(236, 3, '2019-05-08 00:00:00', '0000-00-00 00:00:00', 18888, 0, 1),
(237, 3, '2019-06-08 00:00:00', '0000-00-00 00:00:00', 5100, 0, 0),
(238, 4, '2013-06-08 00:00:00', '2013-04-08 00:00:00', 5100, 5100, 0),
(239, 4, '2013-07-08 00:00:00', '0000-00-00 00:00:00', 5100, 0, 0),
(240, 4, '2013-08-08 00:00:00', '0000-00-00 00:00:00', 5100, 0, 0),
(241, 4, '2013-09-08 00:00:00', '0000-00-00 00:00:00', 5100, 0, 0),
(242, 4, '2013-10-08 00:00:00', '0000-00-00 00:00:00', 5100, 0, 0),
(243, 4, '2013-11-08 00:00:00', '0000-00-00 00:00:00', 5100, 0, 0),
(244, 4, '2013-12-08 00:00:00', '0000-00-00 00:00:00', 5100, 0, 0),
(245, 4, '2014-01-08 00:00:00', '0000-00-00 00:00:00', 5100, 0, 0),
(246, 4, '2014-02-08 00:00:00', '0000-00-00 00:00:00', 5100, 0, 0),
(247, 4, '2014-03-08 00:00:00', '0000-00-00 00:00:00', 5100, 0, 0),
(248, 4, '2014-04-08 00:00:00', '0000-00-00 00:00:00', 5100, 0, 0),
(249, 4, '2014-05-08 00:00:00', '0000-00-00 00:00:00', 5100, 0, 0),
(250, 4, '2014-05-08 00:00:00', '0000-00-00 00:00:00', 18888, 0, 1),
(251, 4, '2014-06-08 00:00:00', '0000-00-00 00:00:00', 5100, 0, 0),
(252, 4, '2014-07-08 00:00:00', '0000-00-00 00:00:00', 5100, 0, 0),
(253, 4, '2014-08-08 00:00:00', '0000-00-00 00:00:00', 5100, 0, 0),
(254, 4, '2014-09-08 00:00:00', '0000-00-00 00:00:00', 5100, 0, 0),
(255, 4, '2014-10-08 00:00:00', '0000-00-00 00:00:00', 5100, 0, 0),
(256, 4, '2014-11-08 00:00:00', '0000-00-00 00:00:00', 5100, 0, 0),
(257, 4, '2014-12-08 00:00:00', '0000-00-00 00:00:00', 5100, 0, 0),
(258, 4, '2015-01-08 00:00:00', '0000-00-00 00:00:00', 5100, 0, 0),
(259, 4, '2015-02-08 00:00:00', '0000-00-00 00:00:00', 5100, 0, 0),
(260, 4, '2015-03-08 00:00:00', '0000-00-00 00:00:00', 5100, 0, 0),
(261, 4, '2015-04-08 00:00:00', '0000-00-00 00:00:00', 5100, 0, 0),
(262, 4, '2015-05-08 00:00:00', '0000-00-00 00:00:00', 5100, 0, 0),
(263, 4, '2015-05-08 00:00:00', '0000-00-00 00:00:00', 18888, 0, 1),
(264, 4, '2015-06-08 00:00:00', '0000-00-00 00:00:00', 5100, 0, 0),
(265, 4, '2015-07-08 00:00:00', '0000-00-00 00:00:00', 5100, 0, 0),
(266, 4, '2015-08-08 00:00:00', '0000-00-00 00:00:00', 5100, 0, 0),
(267, 4, '2015-09-08 00:00:00', '0000-00-00 00:00:00', 5100, 0, 0),
(268, 4, '2015-10-08 00:00:00', '0000-00-00 00:00:00', 5100, 0, 0),
(269, 4, '2015-11-08 00:00:00', '0000-00-00 00:00:00', 5100, 0, 0),
(270, 4, '2015-12-08 00:00:00', '0000-00-00 00:00:00', 5100, 0, 0),
(271, 4, '2016-01-08 00:00:00', '0000-00-00 00:00:00', 5100, 0, 0),
(272, 4, '2016-02-08 00:00:00', '0000-00-00 00:00:00', 5100, 0, 0),
(273, 4, '2016-03-08 00:00:00', '0000-00-00 00:00:00', 5100, 0, 0),
(274, 4, '2016-04-08 00:00:00', '0000-00-00 00:00:00', 5100, 0, 0),
(275, 4, '2016-05-08 00:00:00', '0000-00-00 00:00:00', 5100, 0, 0),
(276, 4, '2016-05-08 00:00:00', '0000-00-00 00:00:00', 18888, 0, 1),
(277, 4, '2016-06-08 00:00:00', '0000-00-00 00:00:00', 5100, 0, 0),
(278, 4, '2016-07-08 00:00:00', '0000-00-00 00:00:00', 5100, 0, 0),
(279, 4, '2016-08-08 00:00:00', '0000-00-00 00:00:00', 5100, 0, 0),
(280, 4, '2016-09-08 00:00:00', '0000-00-00 00:00:00', 5100, 0, 0),
(281, 4, '2016-10-08 00:00:00', '0000-00-00 00:00:00', 5100, 0, 0),
(282, 4, '2016-11-08 00:00:00', '0000-00-00 00:00:00', 5100, 0, 0),
(283, 4, '2016-12-08 00:00:00', '0000-00-00 00:00:00', 5100, 0, 0),
(284, 4, '2017-01-08 00:00:00', '0000-00-00 00:00:00', 5100, 0, 0),
(285, 4, '2017-02-08 00:00:00', '0000-00-00 00:00:00', 5100, 0, 0),
(286, 4, '2017-03-08 00:00:00', '0000-00-00 00:00:00', 5100, 0, 0),
(287, 4, '2017-04-08 00:00:00', '0000-00-00 00:00:00', 5100, 0, 0),
(288, 4, '2017-05-08 00:00:00', '0000-00-00 00:00:00', 5100, 0, 0),
(289, 4, '2017-05-08 00:00:00', '0000-00-00 00:00:00', 18888, 0, 1),
(290, 4, '2017-06-08 00:00:00', '0000-00-00 00:00:00', 5100, 0, 0),
(291, 4, '2017-07-08 00:00:00', '0000-00-00 00:00:00', 5100, 0, 0),
(292, 4, '2017-08-08 00:00:00', '0000-00-00 00:00:00', 5100, 0, 0),
(293, 4, '2017-09-08 00:00:00', '0000-00-00 00:00:00', 5100, 0, 0),
(294, 4, '2017-10-08 00:00:00', '0000-00-00 00:00:00', 5100, 0, 0),
(295, 4, '2017-11-08 00:00:00', '0000-00-00 00:00:00', 5100, 0, 0),
(296, 4, '2017-12-08 00:00:00', '0000-00-00 00:00:00', 5100, 0, 0),
(297, 4, '2018-01-08 00:00:00', '0000-00-00 00:00:00', 5100, 0, 0),
(298, 4, '2018-02-08 00:00:00', '0000-00-00 00:00:00', 5100, 0, 0),
(299, 4, '2018-03-08 00:00:00', '0000-00-00 00:00:00', 5100, 0, 0),
(300, 4, '2018-04-08 00:00:00', '0000-00-00 00:00:00', 5100, 0, 0),
(301, 4, '2018-05-08 00:00:00', '0000-00-00 00:00:00', 5100, 0, 0),
(302, 4, '2018-05-08 00:00:00', '0000-00-00 00:00:00', 18888, 0, 1),
(303, 4, '2018-06-08 00:00:00', '0000-00-00 00:00:00', 5100, 0, 0),
(304, 4, '2018-07-08 00:00:00', '0000-00-00 00:00:00', 5100, 0, 0),
(305, 4, '2018-08-08 00:00:00', '0000-00-00 00:00:00', 5100, 0, 0),
(306, 4, '2018-09-08 00:00:00', '0000-00-00 00:00:00', 5100, 0, 0),
(307, 4, '2018-10-08 00:00:00', '0000-00-00 00:00:00', 5100, 0, 0),
(308, 4, '2018-11-08 00:00:00', '0000-00-00 00:00:00', 5100, 0, 0),
(309, 4, '2018-12-08 00:00:00', '0000-00-00 00:00:00', 5100, 0, 0),
(310, 4, '2019-01-08 00:00:00', '0000-00-00 00:00:00', 5100, 0, 0),
(311, 4, '2019-02-08 00:00:00', '0000-00-00 00:00:00', 5100, 0, 0),
(312, 4, '2019-03-08 00:00:00', '0000-00-00 00:00:00', 5100, 0, 0),
(313, 4, '2019-04-08 00:00:00', '0000-00-00 00:00:00', 5100, 0, 0),
(314, 4, '2019-05-08 00:00:00', '0000-00-00 00:00:00', 5100, 0, 0),
(315, 4, '2019-05-08 00:00:00', '0000-00-00 00:00:00', 18888, 0, 1),
(316, 4, '2019-06-08 00:00:00', '0000-00-00 00:00:00', 5100, 0, 0),
(317, 5, '2013-06-08 00:00:00', '2013-04-08 00:00:00', 5100, 5100, 0),
(318, 5, '2013-07-08 00:00:00', '0000-00-00 00:00:00', 5100, 0, 0),
(319, 5, '2013-08-08 00:00:00', '0000-00-00 00:00:00', 5100, 0, 0),
(320, 5, '2013-09-08 00:00:00', '0000-00-00 00:00:00', 5100, 0, 0),
(321, 5, '2013-10-08 00:00:00', '0000-00-00 00:00:00', 5100, 0, 0),
(322, 5, '2013-11-08 00:00:00', '0000-00-00 00:00:00', 5100, 0, 0),
(323, 5, '2013-12-08 00:00:00', '0000-00-00 00:00:00', 5100, 0, 0),
(324, 5, '2014-01-08 00:00:00', '0000-00-00 00:00:00', 5100, 0, 0),
(325, 5, '2014-02-08 00:00:00', '0000-00-00 00:00:00', 5100, 0, 0),
(326, 5, '2014-03-08 00:00:00', '0000-00-00 00:00:00', 5100, 0, 0),
(327, 5, '2014-04-08 00:00:00', '0000-00-00 00:00:00', 5100, 0, 0),
(328, 5, '2014-05-08 00:00:00', '0000-00-00 00:00:00', 5100, 0, 0),
(329, 5, '2014-05-08 00:00:00', '0000-00-00 00:00:00', 18888, 0, 1),
(330, 5, '2014-06-08 00:00:00', '0000-00-00 00:00:00', 5100, 0, 0),
(331, 5, '2014-07-08 00:00:00', '0000-00-00 00:00:00', 5100, 0, 0),
(332, 5, '2014-08-08 00:00:00', '0000-00-00 00:00:00', 5100, 0, 0),
(333, 5, '2014-09-08 00:00:00', '0000-00-00 00:00:00', 5100, 0, 0),
(334, 5, '2014-10-08 00:00:00', '0000-00-00 00:00:00', 5100, 0, 0),
(335, 5, '2014-11-08 00:00:00', '0000-00-00 00:00:00', 5100, 0, 0),
(336, 5, '2014-12-08 00:00:00', '0000-00-00 00:00:00', 5100, 0, 0),
(337, 5, '2015-01-08 00:00:00', '0000-00-00 00:00:00', 5100, 0, 0),
(338, 5, '2015-02-08 00:00:00', '0000-00-00 00:00:00', 5100, 0, 0),
(339, 5, '2015-03-08 00:00:00', '0000-00-00 00:00:00', 5100, 0, 0),
(340, 5, '2015-04-08 00:00:00', '0000-00-00 00:00:00', 5100, 0, 0),
(341, 5, '2015-05-08 00:00:00', '0000-00-00 00:00:00', 5100, 0, 0),
(342, 5, '2015-05-08 00:00:00', '0000-00-00 00:00:00', 18888, 0, 1),
(343, 5, '2015-06-08 00:00:00', '0000-00-00 00:00:00', 5100, 0, 0),
(344, 5, '2015-07-08 00:00:00', '0000-00-00 00:00:00', 5100, 0, 0),
(345, 5, '2015-08-08 00:00:00', '0000-00-00 00:00:00', 5100, 0, 0),
(346, 5, '2015-09-08 00:00:00', '0000-00-00 00:00:00', 5100, 0, 0),
(347, 5, '2015-10-08 00:00:00', '0000-00-00 00:00:00', 5100, 0, 0),
(348, 5, '2015-11-08 00:00:00', '0000-00-00 00:00:00', 5100, 0, 0),
(349, 5, '2015-12-08 00:00:00', '0000-00-00 00:00:00', 5100, 0, 0),
(350, 5, '2016-01-08 00:00:00', '0000-00-00 00:00:00', 5100, 0, 0),
(351, 5, '2016-02-08 00:00:00', '0000-00-00 00:00:00', 5100, 0, 0),
(352, 5, '2016-03-08 00:00:00', '0000-00-00 00:00:00', 5100, 0, 0),
(353, 5, '2016-04-08 00:00:00', '0000-00-00 00:00:00', 5100, 0, 0),
(354, 5, '2016-05-08 00:00:00', '0000-00-00 00:00:00', 5100, 0, 0),
(355, 5, '2016-05-08 00:00:00', '0000-00-00 00:00:00', 18888, 0, 1),
(356, 5, '2016-06-08 00:00:00', '0000-00-00 00:00:00', 5100, 0, 0),
(357, 5, '2016-07-08 00:00:00', '0000-00-00 00:00:00', 5100, 0, 0),
(358, 5, '2016-08-08 00:00:00', '0000-00-00 00:00:00', 5100, 0, 0),
(359, 5, '2016-09-08 00:00:00', '0000-00-00 00:00:00', 5100, 0, 0),
(360, 5, '2016-10-08 00:00:00', '0000-00-00 00:00:00', 5100, 0, 0),
(361, 5, '2016-11-08 00:00:00', '0000-00-00 00:00:00', 5100, 0, 0),
(362, 5, '2016-12-08 00:00:00', '0000-00-00 00:00:00', 5100, 0, 0),
(363, 5, '2017-01-08 00:00:00', '0000-00-00 00:00:00', 5100, 0, 0),
(364, 5, '2017-02-08 00:00:00', '0000-00-00 00:00:00', 5100, 0, 0),
(365, 5, '2017-03-08 00:00:00', '0000-00-00 00:00:00', 5100, 0, 0),
(366, 5, '2017-04-08 00:00:00', '0000-00-00 00:00:00', 5100, 0, 0),
(367, 5, '2017-05-08 00:00:00', '0000-00-00 00:00:00', 5100, 0, 0),
(368, 5, '2017-05-08 00:00:00', '0000-00-00 00:00:00', 18888, 0, 1),
(369, 5, '2017-06-08 00:00:00', '0000-00-00 00:00:00', 5100, 0, 0),
(370, 5, '2017-07-08 00:00:00', '0000-00-00 00:00:00', 5100, 0, 0),
(371, 5, '2017-08-08 00:00:00', '0000-00-00 00:00:00', 5100, 0, 0),
(372, 5, '2017-09-08 00:00:00', '0000-00-00 00:00:00', 5100, 0, 0),
(373, 5, '2017-10-08 00:00:00', '0000-00-00 00:00:00', 5100, 0, 0),
(374, 5, '2017-11-08 00:00:00', '0000-00-00 00:00:00', 5100, 0, 0),
(375, 5, '2017-12-08 00:00:00', '0000-00-00 00:00:00', 5100, 0, 0),
(376, 5, '2018-01-08 00:00:00', '0000-00-00 00:00:00', 5100, 0, 0),
(377, 5, '2018-02-08 00:00:00', '0000-00-00 00:00:00', 5100, 0, 0),
(378, 5, '2018-03-08 00:00:00', '0000-00-00 00:00:00', 5100, 0, 0),
(379, 5, '2018-04-08 00:00:00', '0000-00-00 00:00:00', 5100, 0, 0),
(380, 5, '2018-05-08 00:00:00', '0000-00-00 00:00:00', 5100, 0, 0),
(381, 5, '2018-05-08 00:00:00', '0000-00-00 00:00:00', 18888, 0, 1),
(382, 5, '2018-06-08 00:00:00', '0000-00-00 00:00:00', 5100, 0, 0),
(383, 5, '2018-07-08 00:00:00', '0000-00-00 00:00:00', 5100, 0, 0),
(384, 5, '2018-08-08 00:00:00', '0000-00-00 00:00:00', 5100, 0, 0),
(385, 5, '2018-09-08 00:00:00', '0000-00-00 00:00:00', 5100, 0, 0),
(386, 5, '2018-10-08 00:00:00', '0000-00-00 00:00:00', 5100, 0, 0),
(387, 5, '2018-11-08 00:00:00', '0000-00-00 00:00:00', 5100, 0, 0),
(388, 5, '2018-12-08 00:00:00', '0000-00-00 00:00:00', 5100, 0, 0),
(389, 5, '2019-01-08 00:00:00', '0000-00-00 00:00:00', 5100, 0, 0),
(390, 5, '2019-02-08 00:00:00', '0000-00-00 00:00:00', 5100, 0, 0),
(391, 5, '2019-03-08 00:00:00', '0000-00-00 00:00:00', 5100, 0, 0),
(392, 5, '2019-04-08 00:00:00', '0000-00-00 00:00:00', 5100, 0, 0),
(393, 5, '2019-05-08 00:00:00', '0000-00-00 00:00:00', 5100, 0, 0),
(394, 5, '2019-05-08 00:00:00', '0000-00-00 00:00:00', 18888, 0, 1),
(395, 5, '2019-06-08 00:00:00', '0000-00-00 00:00:00', 5100, 0, 0),
(396, 6, '2013-06-08 00:00:00', '2013-04-08 00:00:00', 5100, 5100, 0),
(397, 6, '2013-07-08 00:00:00', '0000-00-00 00:00:00', 5100, 0, 0),
(398, 6, '2013-08-08 00:00:00', '0000-00-00 00:00:00', 5100, 0, 0),
(399, 6, '2013-09-08 00:00:00', '0000-00-00 00:00:00', 5100, 0, 0),
(400, 6, '2013-10-08 00:00:00', '0000-00-00 00:00:00', 5100, 0, 0),
(401, 6, '2013-11-08 00:00:00', '0000-00-00 00:00:00', 5100, 0, 0),
(402, 6, '2013-12-08 00:00:00', '0000-00-00 00:00:00', 5100, 0, 0),
(403, 6, '2014-01-08 00:00:00', '0000-00-00 00:00:00', 5100, 0, 0),
(404, 6, '2014-02-08 00:00:00', '0000-00-00 00:00:00', 5100, 0, 0),
(405, 6, '2014-03-08 00:00:00', '0000-00-00 00:00:00', 5100, 0, 0),
(406, 6, '2014-04-08 00:00:00', '0000-00-00 00:00:00', 5100, 0, 0),
(407, 6, '2014-05-08 00:00:00', '0000-00-00 00:00:00', 5100, 0, 0),
(408, 6, '2014-05-08 00:00:00', '0000-00-00 00:00:00', 18888, 0, 1),
(409, 6, '2014-06-08 00:00:00', '0000-00-00 00:00:00', 5100, 0, 0),
(410, 6, '2014-07-08 00:00:00', '0000-00-00 00:00:00', 5100, 0, 0),
(411, 6, '2014-08-08 00:00:00', '0000-00-00 00:00:00', 5100, 0, 0),
(412, 6, '2014-09-08 00:00:00', '0000-00-00 00:00:00', 5100, 0, 0),
(413, 6, '2014-10-08 00:00:00', '0000-00-00 00:00:00', 5100, 0, 0),
(414, 6, '2014-11-08 00:00:00', '0000-00-00 00:00:00', 5100, 0, 0),
(415, 6, '2014-12-08 00:00:00', '0000-00-00 00:00:00', 5100, 0, 0),
(416, 6, '2015-01-08 00:00:00', '0000-00-00 00:00:00', 5100, 0, 0),
(417, 6, '2015-02-08 00:00:00', '0000-00-00 00:00:00', 5100, 0, 0),
(418, 6, '2015-03-08 00:00:00', '0000-00-00 00:00:00', 5100, 0, 0),
(419, 6, '2015-04-08 00:00:00', '0000-00-00 00:00:00', 5100, 0, 0),
(420, 6, '2015-05-08 00:00:00', '0000-00-00 00:00:00', 5100, 0, 0),
(421, 6, '2015-05-08 00:00:00', '0000-00-00 00:00:00', 18888, 0, 1),
(422, 6, '2015-06-08 00:00:00', '0000-00-00 00:00:00', 5100, 0, 0),
(423, 6, '2015-07-08 00:00:00', '0000-00-00 00:00:00', 5100, 0, 0),
(424, 6, '2015-08-08 00:00:00', '0000-00-00 00:00:00', 5100, 0, 0),
(425, 6, '2015-09-08 00:00:00', '0000-00-00 00:00:00', 5100, 0, 0),
(426, 6, '2015-10-08 00:00:00', '0000-00-00 00:00:00', 5100, 0, 0),
(427, 6, '2015-11-08 00:00:00', '0000-00-00 00:00:00', 5100, 0, 0),
(428, 6, '2015-12-08 00:00:00', '0000-00-00 00:00:00', 5100, 0, 0),
(429, 6, '2016-01-08 00:00:00', '0000-00-00 00:00:00', 5100, 0, 0),
(430, 6, '2016-02-08 00:00:00', '0000-00-00 00:00:00', 5100, 0, 0),
(431, 6, '2016-03-08 00:00:00', '0000-00-00 00:00:00', 5100, 0, 0),
(432, 6, '2016-04-08 00:00:00', '0000-00-00 00:00:00', 5100, 0, 0),
(433, 6, '2016-05-08 00:00:00', '0000-00-00 00:00:00', 5100, 0, 0),
(434, 6, '2016-05-08 00:00:00', '0000-00-00 00:00:00', 18888, 0, 1),
(435, 6, '2016-06-08 00:00:00', '0000-00-00 00:00:00', 5100, 0, 0),
(436, 6, '2016-07-08 00:00:00', '0000-00-00 00:00:00', 5100, 0, 0),
(437, 6, '2016-08-08 00:00:00', '0000-00-00 00:00:00', 5100, 0, 0),
(438, 6, '2016-09-08 00:00:00', '0000-00-00 00:00:00', 5100, 0, 0),
(439, 6, '2016-10-08 00:00:00', '0000-00-00 00:00:00', 5100, 0, 0),
(440, 6, '2016-11-08 00:00:00', '0000-00-00 00:00:00', 5100, 0, 0),
(441, 6, '2016-12-08 00:00:00', '0000-00-00 00:00:00', 5100, 0, 0),
(442, 6, '2017-01-08 00:00:00', '0000-00-00 00:00:00', 5100, 0, 0),
(443, 6, '2017-02-08 00:00:00', '0000-00-00 00:00:00', 5100, 0, 0),
(444, 6, '2017-03-08 00:00:00', '0000-00-00 00:00:00', 5100, 0, 0),
(445, 6, '2017-04-08 00:00:00', '0000-00-00 00:00:00', 5100, 0, 0),
(446, 6, '2017-05-08 00:00:00', '0000-00-00 00:00:00', 5100, 0, 0),
(447, 6, '2017-05-08 00:00:00', '0000-00-00 00:00:00', 18888, 0, 1),
(448, 6, '2017-06-08 00:00:00', '0000-00-00 00:00:00', 5100, 0, 0),
(449, 6, '2017-07-08 00:00:00', '0000-00-00 00:00:00', 5100, 0, 0),
(450, 6, '2017-08-08 00:00:00', '0000-00-00 00:00:00', 5100, 0, 0),
(451, 6, '2017-09-08 00:00:00', '0000-00-00 00:00:00', 5100, 0, 0),
(452, 6, '2017-10-08 00:00:00', '0000-00-00 00:00:00', 5100, 0, 0),
(453, 6, '2017-11-08 00:00:00', '0000-00-00 00:00:00', 5100, 0, 0),
(454, 6, '2017-12-08 00:00:00', '0000-00-00 00:00:00', 5100, 0, 0),
(455, 6, '2018-01-08 00:00:00', '0000-00-00 00:00:00', 5100, 0, 0),
(456, 6, '2018-02-08 00:00:00', '0000-00-00 00:00:00', 5100, 0, 0),
(457, 6, '2018-03-08 00:00:00', '0000-00-00 00:00:00', 5100, 0, 0),
(458, 6, '2018-04-08 00:00:00', '0000-00-00 00:00:00', 5100, 0, 0),
(459, 6, '2018-05-08 00:00:00', '0000-00-00 00:00:00', 5100, 0, 0),
(460, 6, '2018-05-08 00:00:00', '0000-00-00 00:00:00', 18888, 0, 1),
(461, 6, '2018-06-08 00:00:00', '0000-00-00 00:00:00', 5100, 0, 0),
(462, 6, '2018-07-08 00:00:00', '0000-00-00 00:00:00', 5100, 0, 0),
(463, 6, '2018-08-08 00:00:00', '0000-00-00 00:00:00', 5100, 0, 0),
(464, 6, '2018-09-08 00:00:00', '0000-00-00 00:00:00', 5100, 0, 0),
(465, 6, '2018-10-08 00:00:00', '0000-00-00 00:00:00', 5100, 0, 0),
(466, 6, '2018-11-08 00:00:00', '0000-00-00 00:00:00', 5100, 0, 0),
(467, 6, '2018-12-08 00:00:00', '0000-00-00 00:00:00', 5100, 0, 0),
(468, 6, '2019-01-08 00:00:00', '0000-00-00 00:00:00', 5100, 0, 0),
(469, 6, '2019-02-08 00:00:00', '0000-00-00 00:00:00', 5100, 0, 0),
(470, 6, '2019-03-08 00:00:00', '0000-00-00 00:00:00', 5100, 0, 0),
(471, 6, '2019-04-08 00:00:00', '0000-00-00 00:00:00', 5100, 0, 0),
(472, 6, '2019-05-08 00:00:00', '0000-00-00 00:00:00', 5100, 0, 0),
(473, 6, '2019-05-08 00:00:00', '0000-00-00 00:00:00', 18888, 0, 1),
(474, 6, '2019-06-08 00:00:00', '0000-00-00 00:00:00', 5100, 0, 0),
(475, 7, '2013-06-08 00:00:00', '0000-00-00 00:00:00', 5100, 0, 0),
(476, 7, '2013-07-08 00:00:00', '0000-00-00 00:00:00', 5100, 0, 0),
(477, 7, '2013-08-08 00:00:00', '0000-00-00 00:00:00', 5100, 0, 0),
(478, 7, '2013-09-08 00:00:00', '0000-00-00 00:00:00', 5100, 0, 0),
(479, 7, '2013-10-08 00:00:00', '0000-00-00 00:00:00', 5100, 0, 0),
(480, 7, '2013-11-08 00:00:00', '0000-00-00 00:00:00', 5100, 0, 0),
(481, 7, '2013-12-08 00:00:00', '0000-00-00 00:00:00', 5100, 0, 0),
(482, 7, '2014-01-08 00:00:00', '0000-00-00 00:00:00', 5100, 0, 0),
(483, 7, '2014-02-08 00:00:00', '0000-00-00 00:00:00', 5100, 0, 0),
(484, 7, '2014-03-08 00:00:00', '0000-00-00 00:00:00', 5100, 0, 0),
(485, 7, '2014-04-08 00:00:00', '0000-00-00 00:00:00', 5100, 0, 0),
(486, 7, '2014-05-08 00:00:00', '0000-00-00 00:00:00', 5100, 0, 0),
(487, 7, '2014-05-08 00:00:00', '0000-00-00 00:00:00', 18888, 0, 1),
(488, 7, '2014-06-08 00:00:00', '0000-00-00 00:00:00', 5100, 0, 0),
(489, 7, '2014-07-08 00:00:00', '0000-00-00 00:00:00', 5100, 0, 0),
(490, 7, '2014-08-08 00:00:00', '0000-00-00 00:00:00', 5100, 0, 0),
(491, 7, '2014-09-08 00:00:00', '0000-00-00 00:00:00', 5100, 0, 0),
(492, 7, '2014-10-08 00:00:00', '0000-00-00 00:00:00', 5100, 0, 0),
(493, 7, '2014-11-08 00:00:00', '0000-00-00 00:00:00', 5100, 0, 0),
(494, 7, '2014-12-08 00:00:00', '0000-00-00 00:00:00', 5100, 0, 0),
(495, 7, '2015-01-08 00:00:00', '0000-00-00 00:00:00', 5100, 0, 0),
(496, 7, '2015-02-08 00:00:00', '0000-00-00 00:00:00', 5100, 0, 0),
(497, 7, '2015-03-08 00:00:00', '0000-00-00 00:00:00', 5100, 0, 0),
(498, 7, '2015-04-08 00:00:00', '0000-00-00 00:00:00', 5100, 0, 0),
(499, 7, '2015-05-08 00:00:00', '0000-00-00 00:00:00', 5100, 0, 0),
(500, 7, '2015-05-08 00:00:00', '0000-00-00 00:00:00', 18888, 0, 1),
(501, 7, '2015-06-08 00:00:00', '0000-00-00 00:00:00', 5100, 0, 0),
(502, 7, '2015-07-08 00:00:00', '0000-00-00 00:00:00', 5100, 0, 0),
(503, 7, '2015-08-08 00:00:00', '0000-00-00 00:00:00', 5100, 0, 0),
(504, 7, '2015-09-08 00:00:00', '0000-00-00 00:00:00', 5100, 0, 0),
(505, 7, '2015-10-08 00:00:00', '0000-00-00 00:00:00', 5100, 0, 0),
(506, 7, '2015-11-08 00:00:00', '0000-00-00 00:00:00', 5100, 0, 0),
(507, 7, '2015-12-08 00:00:00', '0000-00-00 00:00:00', 5100, 0, 0),
(508, 7, '2016-01-08 00:00:00', '0000-00-00 00:00:00', 5100, 0, 0),
(509, 7, '2016-02-08 00:00:00', '0000-00-00 00:00:00', 5100, 0, 0),
(510, 7, '2016-03-08 00:00:00', '0000-00-00 00:00:00', 5100, 0, 0),
(511, 7, '2016-04-08 00:00:00', '0000-00-00 00:00:00', 5100, 0, 0),
(512, 7, '2016-05-08 00:00:00', '0000-00-00 00:00:00', 5100, 0, 0),
(513, 7, '2016-05-08 00:00:00', '0000-00-00 00:00:00', 18888, 0, 1),
(514, 7, '2016-06-08 00:00:00', '0000-00-00 00:00:00', 5100, 0, 0),
(515, 7, '2016-07-08 00:00:00', '0000-00-00 00:00:00', 5100, 0, 0),
(516, 7, '2016-08-08 00:00:00', '0000-00-00 00:00:00', 5100, 0, 0),
(517, 7, '2016-09-08 00:00:00', '0000-00-00 00:00:00', 5100, 0, 0),
(518, 7, '2016-10-08 00:00:00', '0000-00-00 00:00:00', 5100, 0, 0),
(519, 7, '2016-11-08 00:00:00', '0000-00-00 00:00:00', 5100, 0, 0),
(520, 7, '2016-12-08 00:00:00', '0000-00-00 00:00:00', 5100, 0, 0),
(521, 7, '2017-01-08 00:00:00', '0000-00-00 00:00:00', 5100, 0, 0),
(522, 7, '2017-02-08 00:00:00', '0000-00-00 00:00:00', 5100, 0, 0),
(523, 7, '2017-03-08 00:00:00', '0000-00-00 00:00:00', 5100, 0, 0),
(524, 7, '2017-04-08 00:00:00', '0000-00-00 00:00:00', 5100, 0, 0),
(525, 7, '2017-05-08 00:00:00', '0000-00-00 00:00:00', 5100, 0, 0),
(526, 7, '2017-05-08 00:00:00', '0000-00-00 00:00:00', 18888, 0, 1),
(527, 7, '2017-06-08 00:00:00', '0000-00-00 00:00:00', 5100, 0, 0),
(528, 7, '2017-07-08 00:00:00', '0000-00-00 00:00:00', 5100, 0, 0),
(529, 7, '2017-08-08 00:00:00', '0000-00-00 00:00:00', 5100, 0, 0),
(530, 7, '2017-09-08 00:00:00', '0000-00-00 00:00:00', 5100, 0, 0),
(531, 7, '2017-10-08 00:00:00', '0000-00-00 00:00:00', 5100, 0, 0),
(532, 7, '2017-11-08 00:00:00', '0000-00-00 00:00:00', 5100, 0, 0),
(533, 7, '2017-12-08 00:00:00', '0000-00-00 00:00:00', 5100, 0, 0),
(534, 7, '2018-01-08 00:00:00', '0000-00-00 00:00:00', 5100, 0, 0),
(535, 7, '2018-02-08 00:00:00', '0000-00-00 00:00:00', 5100, 0, 0),
(536, 7, '2018-03-08 00:00:00', '0000-00-00 00:00:00', 5100, 0, 0),
(537, 7, '2018-04-08 00:00:00', '0000-00-00 00:00:00', 5100, 0, 0),
(538, 7, '2018-05-08 00:00:00', '0000-00-00 00:00:00', 5100, 0, 0),
(539, 7, '2018-05-08 00:00:00', '0000-00-00 00:00:00', 18888, 0, 1),
(540, 7, '2018-06-08 00:00:00', '0000-00-00 00:00:00', 5100, 0, 0),
(541, 7, '2018-07-08 00:00:00', '0000-00-00 00:00:00', 5100, 0, 0),
(542, 7, '2018-08-08 00:00:00', '0000-00-00 00:00:00', 5100, 0, 0),
(543, 7, '2018-09-08 00:00:00', '0000-00-00 00:00:00', 5100, 0, 0),
(544, 7, '2018-10-08 00:00:00', '0000-00-00 00:00:00', 5100, 0, 0),
(545, 7, '2018-11-08 00:00:00', '0000-00-00 00:00:00', 5100, 0, 0),
(546, 7, '2018-12-08 00:00:00', '0000-00-00 00:00:00', 5100, 0, 0),
(547, 7, '2019-01-08 00:00:00', '0000-00-00 00:00:00', 5100, 0, 0),
(548, 7, '2019-02-08 00:00:00', '0000-00-00 00:00:00', 5100, 0, 0),
(549, 7, '2019-03-08 00:00:00', '0000-00-00 00:00:00', 5100, 0, 0),
(550, 7, '2019-04-08 00:00:00', '0000-00-00 00:00:00', 5100, 0, 0),
(551, 7, '2019-05-08 00:00:00', '0000-00-00 00:00:00', 5100, 0, 0),
(552, 7, '2019-05-08 00:00:00', '0000-00-00 00:00:00', 18888, 0, 1),
(553, 7, '2019-06-08 00:00:00', '0000-00-00 00:00:00', 5100, 0, 0),
(554, 8, '2013-06-08 00:00:00', '2013-04-08 00:00:00', 5100, 5100, 0),
(555, 8, '2013-07-08 00:00:00', '0000-00-00 00:00:00', 5100, 0, 0),
(556, 8, '2013-08-08 00:00:00', '0000-00-00 00:00:00', 5100, 0, 0),
(557, 8, '2013-09-08 00:00:00', '0000-00-00 00:00:00', 5100, 0, 0),
(558, 8, '2013-10-08 00:00:00', '0000-00-00 00:00:00', 5100, 0, 0),
(559, 8, '2013-11-08 00:00:00', '0000-00-00 00:00:00', 5100, 0, 0),
(560, 8, '2013-12-08 00:00:00', '0000-00-00 00:00:00', 5100, 0, 0),
(561, 8, '2014-01-08 00:00:00', '0000-00-00 00:00:00', 5100, 0, 0),
(562, 8, '2014-02-08 00:00:00', '0000-00-00 00:00:00', 5100, 0, 0),
(563, 8, '2014-03-08 00:00:00', '0000-00-00 00:00:00', 5100, 0, 0),
(564, 8, '2014-04-08 00:00:00', '0000-00-00 00:00:00', 5100, 0, 0),
(565, 8, '2014-05-08 00:00:00', '0000-00-00 00:00:00', 5100, 0, 0),
(566, 8, '2014-05-08 00:00:00', '0000-00-00 00:00:00', 18888, 0, 1),
(567, 8, '2014-06-08 00:00:00', '0000-00-00 00:00:00', 5100, 0, 0),
(568, 8, '2014-07-08 00:00:00', '0000-00-00 00:00:00', 5100, 0, 0),
(569, 8, '2014-08-08 00:00:00', '0000-00-00 00:00:00', 5100, 0, 0),
(570, 8, '2014-09-08 00:00:00', '0000-00-00 00:00:00', 5100, 0, 0),
(571, 8, '2014-10-08 00:00:00', '0000-00-00 00:00:00', 5100, 0, 0),
(572, 8, '2014-11-08 00:00:00', '0000-00-00 00:00:00', 5100, 0, 0),
(573, 8, '2014-12-08 00:00:00', '0000-00-00 00:00:00', 5100, 0, 0),
(574, 8, '2015-01-08 00:00:00', '0000-00-00 00:00:00', 5100, 0, 0),
(575, 8, '2015-02-08 00:00:00', '0000-00-00 00:00:00', 5100, 0, 0),
(576, 8, '2015-03-08 00:00:00', '0000-00-00 00:00:00', 5100, 0, 0),
(577, 8, '2015-04-08 00:00:00', '0000-00-00 00:00:00', 5100, 0, 0),
(578, 8, '2015-05-08 00:00:00', '0000-00-00 00:00:00', 5100, 0, 0),
(579, 8, '2015-05-08 00:00:00', '0000-00-00 00:00:00', 18888, 0, 1),
(580, 8, '2015-06-08 00:00:00', '0000-00-00 00:00:00', 5100, 0, 0),
(581, 8, '2015-07-08 00:00:00', '0000-00-00 00:00:00', 5100, 0, 0),
(582, 8, '2015-08-08 00:00:00', '0000-00-00 00:00:00', 5100, 0, 0),
(583, 8, '2015-09-08 00:00:00', '0000-00-00 00:00:00', 5100, 0, 0),
(584, 8, '2015-10-08 00:00:00', '0000-00-00 00:00:00', 5100, 0, 0),
(585, 8, '2015-11-08 00:00:00', '0000-00-00 00:00:00', 5100, 0, 0),
(586, 8, '2015-12-08 00:00:00', '0000-00-00 00:00:00', 5100, 0, 0),
(587, 8, '2016-01-08 00:00:00', '0000-00-00 00:00:00', 5100, 0, 0),
(588, 8, '2016-02-08 00:00:00', '0000-00-00 00:00:00', 5100, 0, 0),
(589, 8, '2016-03-08 00:00:00', '0000-00-00 00:00:00', 5100, 0, 0),
(590, 8, '2016-04-08 00:00:00', '0000-00-00 00:00:00', 5100, 0, 0),
(591, 8, '2016-05-08 00:00:00', '0000-00-00 00:00:00', 5100, 0, 0),
(592, 8, '2016-05-08 00:00:00', '0000-00-00 00:00:00', 18888, 0, 1),
(593, 8, '2016-06-08 00:00:00', '0000-00-00 00:00:00', 5100, 0, 0),
(594, 8, '2016-07-08 00:00:00', '0000-00-00 00:00:00', 5100, 0, 0),
(595, 8, '2016-08-08 00:00:00', '0000-00-00 00:00:00', 5100, 0, 0),
(596, 8, '2016-09-08 00:00:00', '0000-00-00 00:00:00', 5100, 0, 0),
(597, 8, '2016-10-08 00:00:00', '0000-00-00 00:00:00', 5100, 0, 0),
(598, 8, '2016-11-08 00:00:00', '0000-00-00 00:00:00', 5100, 0, 0),
(599, 8, '2016-12-08 00:00:00', '0000-00-00 00:00:00', 5100, 0, 0),
(600, 8, '2017-01-08 00:00:00', '0000-00-00 00:00:00', 5100, 0, 0),
(601, 8, '2017-02-08 00:00:00', '0000-00-00 00:00:00', 5100, 0, 0),
(602, 8, '2017-03-08 00:00:00', '0000-00-00 00:00:00', 5100, 0, 0),
(603, 8, '2017-04-08 00:00:00', '0000-00-00 00:00:00', 5100, 0, 0),
(604, 8, '2017-05-08 00:00:00', '0000-00-00 00:00:00', 5100, 0, 0),
(605, 8, '2017-05-08 00:00:00', '0000-00-00 00:00:00', 18888, 0, 1),
(606, 8, '2017-06-08 00:00:00', '0000-00-00 00:00:00', 5100, 0, 0),
(607, 8, '2017-07-08 00:00:00', '0000-00-00 00:00:00', 5100, 0, 0),
(608, 8, '2017-08-08 00:00:00', '0000-00-00 00:00:00', 5100, 0, 0),
(609, 8, '2017-09-08 00:00:00', '0000-00-00 00:00:00', 5100, 0, 0),
(610, 8, '2017-10-08 00:00:00', '0000-00-00 00:00:00', 5100, 0, 0),
(611, 8, '2017-11-08 00:00:00', '0000-00-00 00:00:00', 5100, 0, 0),
(612, 8, '2017-12-08 00:00:00', '0000-00-00 00:00:00', 5100, 0, 0),
(613, 8, '2018-01-08 00:00:00', '0000-00-00 00:00:00', 5100, 0, 0),
(614, 8, '2018-02-08 00:00:00', '0000-00-00 00:00:00', 5100, 0, 0),
(615, 8, '2018-03-08 00:00:00', '0000-00-00 00:00:00', 5100, 0, 0),
(616, 8, '2018-04-08 00:00:00', '0000-00-00 00:00:00', 5100, 0, 0),
(617, 8, '2018-05-08 00:00:00', '0000-00-00 00:00:00', 5100, 0, 0),
(618, 8, '2018-05-08 00:00:00', '0000-00-00 00:00:00', 18888, 0, 1),
(619, 8, '2018-06-08 00:00:00', '0000-00-00 00:00:00', 5100, 0, 0),
(620, 8, '2018-07-08 00:00:00', '0000-00-00 00:00:00', 5100, 0, 0),
(621, 8, '2018-08-08 00:00:00', '0000-00-00 00:00:00', 5100, 0, 0),
(622, 8, '2018-09-08 00:00:00', '0000-00-00 00:00:00', 5100, 0, 0),
(623, 8, '2018-10-08 00:00:00', '0000-00-00 00:00:00', 5100, 0, 0),
(624, 8, '2018-11-08 00:00:00', '0000-00-00 00:00:00', 5100, 0, 0),
(625, 8, '2018-12-08 00:00:00', '0000-00-00 00:00:00', 5100, 0, 0),
(626, 8, '2019-01-08 00:00:00', '0000-00-00 00:00:00', 5100, 0, 0),
(627, 8, '2019-02-08 00:00:00', '0000-00-00 00:00:00', 5100, 0, 0),
(628, 8, '2019-03-08 00:00:00', '0000-00-00 00:00:00', 5100, 0, 0),
(629, 8, '2019-04-08 00:00:00', '0000-00-00 00:00:00', 5100, 0, 0),
(630, 8, '2019-05-08 00:00:00', '0000-00-00 00:00:00', 5100, 0, 0),
(631, 8, '2019-05-08 00:00:00', '0000-00-00 00:00:00', 18888, 0, 1),
(632, 8, '2019-06-08 00:00:00', '0000-00-00 00:00:00', 5100, 0, 0),
(633, 9, '2013-05-08 00:00:00', '0000-00-00 00:00:00', 5100, 0, 0),
(634, 9, '2013-06-08 00:00:00', '0000-00-00 00:00:00', 5100, 0, 0),
(635, 9, '2013-07-08 00:00:00', '0000-00-00 00:00:00', 5100, 0, 0),
(636, 9, '2013-08-08 00:00:00', '0000-00-00 00:00:00', 5100, 0, 0),
(637, 9, '2013-09-08 00:00:00', '0000-00-00 00:00:00', 5100, 0, 0),
(638, 9, '2013-10-08 00:00:00', '0000-00-00 00:00:00', 5100, 0, 0),
(639, 9, '2013-11-08 00:00:00', '0000-00-00 00:00:00', 5100, 0, 0),
(640, 9, '2013-12-08 00:00:00', '0000-00-00 00:00:00', 5100, 0, 0),
(641, 9, '2014-01-08 00:00:00', '0000-00-00 00:00:00', 5100, 0, 0),
(642, 9, '2014-02-08 00:00:00', '0000-00-00 00:00:00', 5100, 0, 0),
(643, 9, '2014-03-08 00:00:00', '0000-00-00 00:00:00', 5100, 0, 0),
(644, 9, '2014-04-08 00:00:00', '0000-00-00 00:00:00', 5100, 0, 0),
(645, 9, '2014-04-08 00:00:00', '0000-00-00 00:00:00', 18888, 0, 1),
(646, 9, '2014-05-08 00:00:00', '0000-00-00 00:00:00', 5100, 0, 0),
(647, 9, '2014-06-08 00:00:00', '0000-00-00 00:00:00', 5100, 0, 0),
(648, 9, '2014-07-08 00:00:00', '0000-00-00 00:00:00', 5100, 0, 0),
(649, 9, '2014-08-08 00:00:00', '0000-00-00 00:00:00', 5100, 0, 0),
(650, 9, '2014-09-08 00:00:00', '0000-00-00 00:00:00', 5100, 0, 0),
(651, 9, '2014-10-08 00:00:00', '0000-00-00 00:00:00', 5100, 0, 0),
(652, 9, '2014-11-08 00:00:00', '0000-00-00 00:00:00', 5100, 0, 0),
(653, 9, '2014-12-08 00:00:00', '0000-00-00 00:00:00', 5100, 0, 0),
(654, 9, '2015-01-08 00:00:00', '0000-00-00 00:00:00', 5100, 0, 0),
(655, 9, '2015-02-08 00:00:00', '0000-00-00 00:00:00', 5100, 0, 0),
(656, 9, '2015-03-08 00:00:00', '0000-00-00 00:00:00', 5100, 0, 0),
(657, 9, '2015-04-08 00:00:00', '0000-00-00 00:00:00', 5100, 0, 0),
(658, 9, '2015-04-08 00:00:00', '0000-00-00 00:00:00', 18888, 0, 1),
(659, 9, '2015-05-08 00:00:00', '0000-00-00 00:00:00', 5100, 0, 0),
(660, 9, '2015-06-08 00:00:00', '0000-00-00 00:00:00', 5100, 0, 0),
(661, 9, '2015-07-08 00:00:00', '0000-00-00 00:00:00', 5100, 0, 0),
(662, 9, '2015-08-08 00:00:00', '0000-00-00 00:00:00', 5100, 0, 0),
(663, 9, '2015-09-08 00:00:00', '0000-00-00 00:00:00', 5100, 0, 0),
(664, 9, '2015-10-08 00:00:00', '0000-00-00 00:00:00', 5100, 0, 0),
(665, 9, '2015-11-08 00:00:00', '0000-00-00 00:00:00', 5100, 0, 0),
(666, 9, '2015-12-08 00:00:00', '0000-00-00 00:00:00', 5100, 0, 0),
(667, 9, '2016-01-08 00:00:00', '0000-00-00 00:00:00', 5100, 0, 0),
(668, 9, '2016-02-08 00:00:00', '0000-00-00 00:00:00', 5100, 0, 0),
(669, 9, '2016-03-08 00:00:00', '0000-00-00 00:00:00', 5100, 0, 0),
(670, 9, '2016-04-08 00:00:00', '0000-00-00 00:00:00', 5100, 0, 0),
(671, 9, '2016-04-08 00:00:00', '0000-00-00 00:00:00', 18888, 0, 1),
(672, 9, '2016-05-08 00:00:00', '0000-00-00 00:00:00', 5100, 0, 0),
(673, 9, '2016-06-08 00:00:00', '0000-00-00 00:00:00', 5100, 0, 0),
(674, 9, '2016-07-08 00:00:00', '0000-00-00 00:00:00', 5100, 0, 0),
(675, 9, '2016-08-08 00:00:00', '0000-00-00 00:00:00', 5100, 0, 0),
(676, 9, '2016-09-08 00:00:00', '0000-00-00 00:00:00', 5100, 0, 0),
(677, 9, '2016-10-08 00:00:00', '0000-00-00 00:00:00', 5100, 0, 0),
(678, 9, '2016-11-08 00:00:00', '0000-00-00 00:00:00', 5100, 0, 0),
(679, 9, '2016-12-08 00:00:00', '0000-00-00 00:00:00', 5100, 0, 0),
(680, 9, '2017-01-08 00:00:00', '0000-00-00 00:00:00', 5100, 0, 0),
(681, 9, '2017-02-08 00:00:00', '0000-00-00 00:00:00', 5100, 0, 0),
(682, 9, '2017-03-08 00:00:00', '0000-00-00 00:00:00', 5100, 0, 0),
(683, 9, '2017-04-08 00:00:00', '0000-00-00 00:00:00', 5100, 0, 0),
(684, 9, '2017-04-08 00:00:00', '0000-00-00 00:00:00', 18888, 0, 1),
(685, 9, '2017-05-08 00:00:00', '0000-00-00 00:00:00', 5100, 0, 0),
(686, 9, '2017-06-08 00:00:00', '0000-00-00 00:00:00', 5100, 0, 0),
(687, 9, '2017-07-08 00:00:00', '0000-00-00 00:00:00', 5100, 0, 0),
(688, 9, '2017-08-08 00:00:00', '0000-00-00 00:00:00', 5100, 0, 0),
(689, 9, '2017-09-08 00:00:00', '0000-00-00 00:00:00', 5100, 0, 0),
(690, 9, '2017-10-08 00:00:00', '0000-00-00 00:00:00', 5100, 0, 0),
(691, 9, '2017-11-08 00:00:00', '0000-00-00 00:00:00', 5100, 0, 0),
(692, 9, '2017-12-08 00:00:00', '0000-00-00 00:00:00', 5100, 0, 0),
(693, 9, '2018-01-08 00:00:00', '0000-00-00 00:00:00', 5100, 0, 0),
(694, 9, '2018-02-08 00:00:00', '0000-00-00 00:00:00', 5100, 0, 0),
(695, 9, '2018-03-08 00:00:00', '0000-00-00 00:00:00', 5100, 0, 0),
(696, 9, '2018-04-08 00:00:00', '0000-00-00 00:00:00', 5100, 0, 0),
(697, 9, '2018-04-08 00:00:00', '0000-00-00 00:00:00', 18888, 0, 1),
(698, 9, '2018-05-08 00:00:00', '0000-00-00 00:00:00', 5100, 0, 0),
(699, 9, '2018-06-08 00:00:00', '0000-00-00 00:00:00', 5100, 0, 0),
(700, 9, '2018-07-08 00:00:00', '0000-00-00 00:00:00', 5100, 0, 0),
(701, 9, '2018-08-08 00:00:00', '0000-00-00 00:00:00', 5100, 0, 0),
(702, 9, '2018-09-08 00:00:00', '0000-00-00 00:00:00', 5100, 0, 0),
(703, 9, '2018-10-08 00:00:00', '0000-00-00 00:00:00', 5100, 0, 0),
(704, 9, '2018-11-08 00:00:00', '0000-00-00 00:00:00', 5100, 0, 0),
(705, 9, '2018-12-08 00:00:00', '0000-00-00 00:00:00', 5100, 0, 0),
(706, 9, '2019-01-08 00:00:00', '0000-00-00 00:00:00', 5100, 0, 0),
(707, 9, '2019-02-08 00:00:00', '0000-00-00 00:00:00', 5100, 0, 0),
(708, 9, '2019-03-08 00:00:00', '0000-00-00 00:00:00', 5100, 0, 0),
(709, 9, '2019-04-08 00:00:00', '0000-00-00 00:00:00', 5100, 0, 0),
(710, 9, '2019-04-08 00:00:00', '0000-00-00 00:00:00', 18888, 0, 1),
(711, 9, '2019-05-08 00:00:00', '0000-00-00 00:00:00', 5100, 0, 0),
(712, 10, '2013-05-08 00:00:00', '2013-04-08 00:00:00', 5100, 5100, 0),
(713, 10, '2013-06-08 00:00:00', '0000-00-00 00:00:00', 5100, 0, 0),
(714, 10, '2013-07-08 00:00:00', '0000-00-00 00:00:00', 5100, 0, 0),
(715, 10, '2013-08-08 00:00:00', '0000-00-00 00:00:00', 5100, 0, 0),
(716, 10, '2013-09-08 00:00:00', '0000-00-00 00:00:00', 5100, 0, 0),
(717, 10, '2013-10-08 00:00:00', '0000-00-00 00:00:00', 5100, 0, 0),
(718, 10, '2013-11-08 00:00:00', '0000-00-00 00:00:00', 5100, 0, 0),
(719, 10, '2013-12-08 00:00:00', '0000-00-00 00:00:00', 5100, 0, 0),
(720, 10, '2014-01-08 00:00:00', '0000-00-00 00:00:00', 5100, 0, 0),
(721, 10, '2014-02-08 00:00:00', '0000-00-00 00:00:00', 5100, 0, 0),
(722, 10, '2014-03-08 00:00:00', '0000-00-00 00:00:00', 5100, 0, 0),
(723, 10, '2014-04-08 00:00:00', '0000-00-00 00:00:00', 5100, 0, 0),
(724, 10, '2014-04-08 00:00:00', '0000-00-00 00:00:00', 18888, 0, 1),
(725, 10, '2014-05-08 00:00:00', '0000-00-00 00:00:00', 5100, 0, 0),
(726, 10, '2014-06-08 00:00:00', '0000-00-00 00:00:00', 5100, 0, 0),
(727, 10, '2014-07-08 00:00:00', '0000-00-00 00:00:00', 5100, 0, 0),
(728, 10, '2014-08-08 00:00:00', '0000-00-00 00:00:00', 5100, 0, 0),
(729, 10, '2014-09-08 00:00:00', '0000-00-00 00:00:00', 5100, 0, 0),
(730, 10, '2014-10-08 00:00:00', '0000-00-00 00:00:00', 5100, 0, 0),
(731, 10, '2014-11-08 00:00:00', '0000-00-00 00:00:00', 5100, 0, 0),
(732, 10, '2014-12-08 00:00:00', '0000-00-00 00:00:00', 5100, 0, 0),
(733, 10, '2015-01-08 00:00:00', '0000-00-00 00:00:00', 5100, 0, 0),
(734, 10, '2015-02-08 00:00:00', '0000-00-00 00:00:00', 5100, 0, 0),
(735, 10, '2015-03-08 00:00:00', '0000-00-00 00:00:00', 5100, 0, 0),
(736, 10, '2015-04-08 00:00:00', '0000-00-00 00:00:00', 5100, 0, 0),
(737, 10, '2015-04-08 00:00:00', '0000-00-00 00:00:00', 18888, 0, 1),
(738, 10, '2015-05-08 00:00:00', '0000-00-00 00:00:00', 5100, 0, 0),
(739, 10, '2015-06-08 00:00:00', '0000-00-00 00:00:00', 5100, 0, 0),
(740, 10, '2015-07-08 00:00:00', '0000-00-00 00:00:00', 5100, 0, 0),
(741, 10, '2015-08-08 00:00:00', '0000-00-00 00:00:00', 5100, 0, 0),
(742, 10, '2015-09-08 00:00:00', '0000-00-00 00:00:00', 5100, 0, 0),
(743, 10, '2015-10-08 00:00:00', '0000-00-00 00:00:00', 5100, 0, 0),
(744, 10, '2015-11-08 00:00:00', '0000-00-00 00:00:00', 5100, 0, 0),
(745, 10, '2015-12-08 00:00:00', '0000-00-00 00:00:00', 5100, 0, 0),
(746, 10, '2016-01-08 00:00:00', '0000-00-00 00:00:00', 5100, 0, 0),
(747, 10, '2016-02-08 00:00:00', '0000-00-00 00:00:00', 5100, 0, 0),
(748, 10, '2016-03-08 00:00:00', '0000-00-00 00:00:00', 5100, 0, 0),
(749, 10, '2016-04-08 00:00:00', '0000-00-00 00:00:00', 5100, 0, 0),
(750, 10, '2016-04-08 00:00:00', '0000-00-00 00:00:00', 18888, 0, 1),
(751, 10, '2016-05-08 00:00:00', '0000-00-00 00:00:00', 5100, 0, 0),
(752, 10, '2016-06-08 00:00:00', '0000-00-00 00:00:00', 5100, 0, 0),
(753, 10, '2016-07-08 00:00:00', '0000-00-00 00:00:00', 5100, 0, 0),
(754, 10, '2016-08-08 00:00:00', '0000-00-00 00:00:00', 5100, 0, 0),
(755, 10, '2016-09-08 00:00:00', '0000-00-00 00:00:00', 5100, 0, 0);
INSERT INTO `xemis` (`id`, `sales_id`, `due_date`, `paid_date`, `EMIAmount`, `AmountPaid`, `is_master_emi`) VALUES
(756, 10, '2016-10-08 00:00:00', '0000-00-00 00:00:00', 5100, 0, 0),
(757, 10, '2016-11-08 00:00:00', '0000-00-00 00:00:00', 5100, 0, 0),
(758, 10, '2016-12-08 00:00:00', '0000-00-00 00:00:00', 5100, 0, 0),
(759, 10, '2017-01-08 00:00:00', '0000-00-00 00:00:00', 5100, 0, 0),
(760, 10, '2017-02-08 00:00:00', '0000-00-00 00:00:00', 5100, 0, 0),
(761, 10, '2017-03-08 00:00:00', '0000-00-00 00:00:00', 5100, 0, 0),
(762, 10, '2017-04-08 00:00:00', '0000-00-00 00:00:00', 5100, 0, 0),
(763, 10, '2017-04-08 00:00:00', '0000-00-00 00:00:00', 18888, 0, 1),
(764, 10, '2017-05-08 00:00:00', '0000-00-00 00:00:00', 5100, 0, 0),
(765, 10, '2017-06-08 00:00:00', '0000-00-00 00:00:00', 5100, 0, 0),
(766, 10, '2017-07-08 00:00:00', '0000-00-00 00:00:00', 5100, 0, 0),
(767, 10, '2017-08-08 00:00:00', '0000-00-00 00:00:00', 5100, 0, 0),
(768, 10, '2017-09-08 00:00:00', '0000-00-00 00:00:00', 5100, 0, 0),
(769, 10, '2017-10-08 00:00:00', '0000-00-00 00:00:00', 5100, 0, 0),
(770, 10, '2017-11-08 00:00:00', '0000-00-00 00:00:00', 5100, 0, 0),
(771, 10, '2017-12-08 00:00:00', '0000-00-00 00:00:00', 5100, 0, 0),
(772, 10, '2018-01-08 00:00:00', '0000-00-00 00:00:00', 5100, 0, 0),
(773, 10, '2018-02-08 00:00:00', '0000-00-00 00:00:00', 5100, 0, 0),
(774, 10, '2018-03-08 00:00:00', '0000-00-00 00:00:00', 5100, 0, 0),
(775, 10, '2018-04-08 00:00:00', '0000-00-00 00:00:00', 5100, 0, 0),
(776, 10, '2018-04-08 00:00:00', '0000-00-00 00:00:00', 18888, 0, 1),
(777, 10, '2018-05-08 00:00:00', '0000-00-00 00:00:00', 5100, 0, 0),
(778, 10, '2018-06-08 00:00:00', '0000-00-00 00:00:00', 5100, 0, 0),
(779, 10, '2018-07-08 00:00:00', '0000-00-00 00:00:00', 5100, 0, 0),
(780, 10, '2018-08-08 00:00:00', '0000-00-00 00:00:00', 5100, 0, 0),
(781, 10, '2018-09-08 00:00:00', '0000-00-00 00:00:00', 5100, 0, 0),
(782, 10, '2018-10-08 00:00:00', '0000-00-00 00:00:00', 5100, 0, 0),
(783, 10, '2018-11-08 00:00:00', '0000-00-00 00:00:00', 5100, 0, 0),
(784, 10, '2018-12-08 00:00:00', '0000-00-00 00:00:00', 5100, 0, 0),
(785, 10, '2019-01-08 00:00:00', '0000-00-00 00:00:00', 5100, 0, 0),
(786, 10, '2019-02-08 00:00:00', '0000-00-00 00:00:00', 5100, 0, 0),
(787, 10, '2019-03-08 00:00:00', '0000-00-00 00:00:00', 5100, 0, 0),
(788, 10, '2019-04-08 00:00:00', '0000-00-00 00:00:00', 5100, 0, 0),
(789, 10, '2019-04-08 00:00:00', '0000-00-00 00:00:00', 18888, 0, 1),
(790, 10, '2019-05-08 00:00:00', '0000-00-00 00:00:00', 5100, 0, 0),
(791, 11, '2013-05-08 00:00:00', '2013-04-08 00:00:00', 5100, 5100, 0),
(792, 11, '2013-06-08 00:00:00', '0000-00-00 00:00:00', 5100, 0, 0),
(793, 11, '2013-07-08 00:00:00', '0000-00-00 00:00:00', 5100, 0, 0),
(794, 11, '2013-08-08 00:00:00', '0000-00-00 00:00:00', 5100, 0, 0),
(795, 11, '2013-09-08 00:00:00', '0000-00-00 00:00:00', 5100, 0, 0),
(796, 11, '2013-10-08 00:00:00', '0000-00-00 00:00:00', 5100, 0, 0),
(797, 11, '2013-11-08 00:00:00', '0000-00-00 00:00:00', 5100, 0, 0),
(798, 11, '2013-12-08 00:00:00', '0000-00-00 00:00:00', 5100, 0, 0),
(799, 11, '2014-01-08 00:00:00', '0000-00-00 00:00:00', 5100, 0, 0),
(800, 11, '2014-02-08 00:00:00', '0000-00-00 00:00:00', 5100, 0, 0),
(801, 11, '2014-03-08 00:00:00', '0000-00-00 00:00:00', 5100, 0, 0),
(802, 11, '2014-04-08 00:00:00', '0000-00-00 00:00:00', 5100, 0, 0),
(803, 11, '2014-04-08 00:00:00', '0000-00-00 00:00:00', 18888, 0, 1),
(804, 11, '2014-05-08 00:00:00', '0000-00-00 00:00:00', 5100, 0, 0),
(805, 11, '2014-06-08 00:00:00', '0000-00-00 00:00:00', 5100, 0, 0),
(806, 11, '2014-07-08 00:00:00', '0000-00-00 00:00:00', 5100, 0, 0),
(807, 11, '2014-08-08 00:00:00', '0000-00-00 00:00:00', 5100, 0, 0),
(808, 11, '2014-09-08 00:00:00', '0000-00-00 00:00:00', 5100, 0, 0),
(809, 11, '2014-10-08 00:00:00', '0000-00-00 00:00:00', 5100, 0, 0),
(810, 11, '2014-11-08 00:00:00', '0000-00-00 00:00:00', 5100, 0, 0),
(811, 11, '2014-12-08 00:00:00', '0000-00-00 00:00:00', 5100, 0, 0),
(812, 11, '2015-01-08 00:00:00', '0000-00-00 00:00:00', 5100, 0, 0),
(813, 11, '2015-02-08 00:00:00', '0000-00-00 00:00:00', 5100, 0, 0),
(814, 11, '2015-03-08 00:00:00', '0000-00-00 00:00:00', 5100, 0, 0),
(815, 11, '2015-04-08 00:00:00', '0000-00-00 00:00:00', 5100, 0, 0),
(816, 11, '2015-04-08 00:00:00', '0000-00-00 00:00:00', 18888, 0, 1),
(817, 11, '2015-05-08 00:00:00', '0000-00-00 00:00:00', 5100, 0, 0),
(818, 11, '2015-06-08 00:00:00', '0000-00-00 00:00:00', 5100, 0, 0),
(819, 11, '2015-07-08 00:00:00', '0000-00-00 00:00:00', 5100, 0, 0),
(820, 11, '2015-08-08 00:00:00', '0000-00-00 00:00:00', 5100, 0, 0),
(821, 11, '2015-09-08 00:00:00', '0000-00-00 00:00:00', 5100, 0, 0),
(822, 11, '2015-10-08 00:00:00', '0000-00-00 00:00:00', 5100, 0, 0),
(823, 11, '2015-11-08 00:00:00', '0000-00-00 00:00:00', 5100, 0, 0),
(824, 11, '2015-12-08 00:00:00', '0000-00-00 00:00:00', 5100, 0, 0),
(825, 11, '2016-01-08 00:00:00', '0000-00-00 00:00:00', 5100, 0, 0),
(826, 11, '2016-02-08 00:00:00', '0000-00-00 00:00:00', 5100, 0, 0),
(827, 11, '2016-03-08 00:00:00', '0000-00-00 00:00:00', 5100, 0, 0),
(828, 11, '2016-04-08 00:00:00', '0000-00-00 00:00:00', 5100, 0, 0),
(829, 11, '2016-04-08 00:00:00', '0000-00-00 00:00:00', 18888, 0, 1),
(830, 11, '2016-05-08 00:00:00', '0000-00-00 00:00:00', 5100, 0, 0),
(831, 11, '2016-06-08 00:00:00', '0000-00-00 00:00:00', 5100, 0, 0),
(832, 11, '2016-07-08 00:00:00', '0000-00-00 00:00:00', 5100, 0, 0),
(833, 11, '2016-08-08 00:00:00', '0000-00-00 00:00:00', 5100, 0, 0),
(834, 11, '2016-09-08 00:00:00', '0000-00-00 00:00:00', 5100, 0, 0),
(835, 11, '2016-10-08 00:00:00', '0000-00-00 00:00:00', 5100, 0, 0),
(836, 11, '2016-11-08 00:00:00', '0000-00-00 00:00:00', 5100, 0, 0),
(837, 11, '2016-12-08 00:00:00', '0000-00-00 00:00:00', 5100, 0, 0),
(838, 11, '2017-01-08 00:00:00', '0000-00-00 00:00:00', 5100, 0, 0),
(839, 11, '2017-02-08 00:00:00', '0000-00-00 00:00:00', 5100, 0, 0),
(840, 11, '2017-03-08 00:00:00', '0000-00-00 00:00:00', 5100, 0, 0),
(841, 11, '2017-04-08 00:00:00', '0000-00-00 00:00:00', 5100, 0, 0),
(842, 11, '2017-04-08 00:00:00', '0000-00-00 00:00:00', 18888, 0, 1),
(843, 11, '2017-05-08 00:00:00', '0000-00-00 00:00:00', 5100, 0, 0),
(844, 11, '2017-06-08 00:00:00', '0000-00-00 00:00:00', 5100, 0, 0),
(845, 11, '2017-07-08 00:00:00', '0000-00-00 00:00:00', 5100, 0, 0),
(846, 11, '2017-08-08 00:00:00', '0000-00-00 00:00:00', 5100, 0, 0),
(847, 11, '2017-09-08 00:00:00', '0000-00-00 00:00:00', 5100, 0, 0),
(848, 11, '2017-10-08 00:00:00', '0000-00-00 00:00:00', 5100, 0, 0),
(849, 11, '2017-11-08 00:00:00', '0000-00-00 00:00:00', 5100, 0, 0),
(850, 11, '2017-12-08 00:00:00', '0000-00-00 00:00:00', 5100, 0, 0),
(851, 11, '2018-01-08 00:00:00', '0000-00-00 00:00:00', 5100, 0, 0),
(852, 11, '2018-02-08 00:00:00', '0000-00-00 00:00:00', 5100, 0, 0),
(853, 11, '2018-03-08 00:00:00', '0000-00-00 00:00:00', 5100, 0, 0),
(854, 11, '2018-04-08 00:00:00', '0000-00-00 00:00:00', 5100, 0, 0),
(855, 11, '2018-04-08 00:00:00', '0000-00-00 00:00:00', 18888, 0, 1),
(856, 11, '2018-05-08 00:00:00', '0000-00-00 00:00:00', 5100, 0, 0),
(857, 11, '2018-06-08 00:00:00', '0000-00-00 00:00:00', 5100, 0, 0),
(858, 11, '2018-07-08 00:00:00', '0000-00-00 00:00:00', 5100, 0, 0),
(859, 11, '2018-08-08 00:00:00', '0000-00-00 00:00:00', 5100, 0, 0),
(860, 11, '2018-09-08 00:00:00', '0000-00-00 00:00:00', 5100, 0, 0),
(861, 11, '2018-10-08 00:00:00', '0000-00-00 00:00:00', 5100, 0, 0),
(862, 11, '2018-11-08 00:00:00', '0000-00-00 00:00:00', 5100, 0, 0),
(863, 11, '2018-12-08 00:00:00', '0000-00-00 00:00:00', 5100, 0, 0),
(864, 11, '2019-01-08 00:00:00', '0000-00-00 00:00:00', 5100, 0, 0),
(865, 11, '2019-02-08 00:00:00', '0000-00-00 00:00:00', 5100, 0, 0),
(866, 11, '2019-03-08 00:00:00', '0000-00-00 00:00:00', 5100, 0, 0),
(867, 11, '2019-04-08 00:00:00', '0000-00-00 00:00:00', 5100, 0, 0),
(868, 11, '2019-04-08 00:00:00', '0000-00-00 00:00:00', 18888, 0, 1),
(869, 11, '2019-05-08 00:00:00', '0000-00-00 00:00:00', 5100, 0, 0),
(870, 12, '2013-05-09 00:00:00', '0000-00-00 00:00:00', 5100, 0, 0),
(871, 12, '2013-06-09 00:00:00', '0000-00-00 00:00:00', 5100, 0, 0),
(872, 12, '2013-07-09 00:00:00', '0000-00-00 00:00:00', 5100, 0, 0),
(873, 12, '2013-08-09 00:00:00', '0000-00-00 00:00:00', 5100, 0, 0),
(874, 12, '2013-09-09 00:00:00', '0000-00-00 00:00:00', 5100, 0, 0),
(875, 12, '2013-10-09 00:00:00', '0000-00-00 00:00:00', 5100, 0, 0),
(876, 12, '2013-11-09 00:00:00', '0000-00-00 00:00:00', 5100, 0, 0),
(877, 12, '2013-12-09 00:00:00', '0000-00-00 00:00:00', 5100, 0, 0),
(878, 12, '2014-01-09 00:00:00', '0000-00-00 00:00:00', 5100, 0, 0),
(879, 12, '2014-02-09 00:00:00', '0000-00-00 00:00:00', 5100, 0, 0),
(880, 12, '2014-03-09 00:00:00', '0000-00-00 00:00:00', 5100, 0, 0),
(881, 12, '2014-04-09 00:00:00', '0000-00-00 00:00:00', 5100, 0, 0),
(882, 12, '2014-04-09 00:00:00', '0000-00-00 00:00:00', 18888, 0, 1),
(883, 12, '2014-05-09 00:00:00', '0000-00-00 00:00:00', 5100, 0, 0),
(884, 12, '2014-06-09 00:00:00', '0000-00-00 00:00:00', 5100, 0, 0),
(885, 12, '2014-07-09 00:00:00', '0000-00-00 00:00:00', 5100, 0, 0),
(886, 12, '2014-08-09 00:00:00', '0000-00-00 00:00:00', 5100, 0, 0),
(887, 12, '2014-09-09 00:00:00', '0000-00-00 00:00:00', 5100, 0, 0),
(888, 12, '2014-10-09 00:00:00', '0000-00-00 00:00:00', 5100, 0, 0),
(889, 12, '2014-11-09 00:00:00', '0000-00-00 00:00:00', 5100, 0, 0),
(890, 12, '2014-12-09 00:00:00', '0000-00-00 00:00:00', 5100, 0, 0),
(891, 12, '2015-01-09 00:00:00', '0000-00-00 00:00:00', 5100, 0, 0),
(892, 12, '2015-02-09 00:00:00', '0000-00-00 00:00:00', 5100, 0, 0),
(893, 12, '2015-03-09 00:00:00', '0000-00-00 00:00:00', 5100, 0, 0),
(894, 12, '2015-04-09 00:00:00', '0000-00-00 00:00:00', 5100, 0, 0),
(895, 12, '2015-04-09 00:00:00', '0000-00-00 00:00:00', 18888, 0, 1),
(896, 12, '2015-05-09 00:00:00', '0000-00-00 00:00:00', 5100, 0, 0),
(897, 12, '2015-06-09 00:00:00', '0000-00-00 00:00:00', 5100, 0, 0),
(898, 12, '2015-07-09 00:00:00', '0000-00-00 00:00:00', 5100, 0, 0),
(899, 12, '2015-08-09 00:00:00', '0000-00-00 00:00:00', 5100, 0, 0),
(900, 12, '2015-09-09 00:00:00', '0000-00-00 00:00:00', 5100, 0, 0),
(901, 12, '2015-10-09 00:00:00', '0000-00-00 00:00:00', 5100, 0, 0),
(902, 12, '2015-11-09 00:00:00', '0000-00-00 00:00:00', 5100, 0, 0),
(903, 12, '2015-12-09 00:00:00', '0000-00-00 00:00:00', 5100, 0, 0),
(904, 12, '2016-01-09 00:00:00', '0000-00-00 00:00:00', 5100, 0, 0),
(905, 12, '2016-02-09 00:00:00', '0000-00-00 00:00:00', 5100, 0, 0),
(906, 12, '2016-03-09 00:00:00', '0000-00-00 00:00:00', 5100, 0, 0),
(907, 12, '2016-04-09 00:00:00', '0000-00-00 00:00:00', 5100, 0, 0),
(908, 12, '2016-04-09 00:00:00', '0000-00-00 00:00:00', 18888, 0, 1),
(909, 12, '2016-05-09 00:00:00', '0000-00-00 00:00:00', 5100, 0, 0),
(910, 12, '2016-06-09 00:00:00', '0000-00-00 00:00:00', 5100, 0, 0),
(911, 12, '2016-07-09 00:00:00', '0000-00-00 00:00:00', 5100, 0, 0),
(912, 12, '2016-08-09 00:00:00', '0000-00-00 00:00:00', 5100, 0, 0),
(913, 12, '2016-09-09 00:00:00', '0000-00-00 00:00:00', 5100, 0, 0),
(914, 12, '2016-10-09 00:00:00', '0000-00-00 00:00:00', 5100, 0, 0),
(915, 12, '2016-11-09 00:00:00', '0000-00-00 00:00:00', 5100, 0, 0),
(916, 12, '2016-12-09 00:00:00', '0000-00-00 00:00:00', 5100, 0, 0),
(917, 12, '2017-01-09 00:00:00', '0000-00-00 00:00:00', 5100, 0, 0),
(918, 12, '2017-02-09 00:00:00', '0000-00-00 00:00:00', 5100, 0, 0),
(919, 12, '2017-03-09 00:00:00', '0000-00-00 00:00:00', 5100, 0, 0),
(920, 12, '2017-04-09 00:00:00', '0000-00-00 00:00:00', 5100, 0, 0),
(921, 12, '2017-04-09 00:00:00', '0000-00-00 00:00:00', 18888, 0, 1),
(922, 12, '2017-05-09 00:00:00', '0000-00-00 00:00:00', 5100, 0, 0),
(923, 12, '2017-06-09 00:00:00', '0000-00-00 00:00:00', 5100, 0, 0),
(924, 12, '2017-07-09 00:00:00', '0000-00-00 00:00:00', 5100, 0, 0),
(925, 12, '2017-08-09 00:00:00', '0000-00-00 00:00:00', 5100, 0, 0),
(926, 12, '2017-09-09 00:00:00', '0000-00-00 00:00:00', 5100, 0, 0),
(927, 12, '2017-10-09 00:00:00', '0000-00-00 00:00:00', 5100, 0, 0),
(928, 12, '2017-11-09 00:00:00', '0000-00-00 00:00:00', 5100, 0, 0),
(929, 12, '2017-12-09 00:00:00', '0000-00-00 00:00:00', 5100, 0, 0),
(930, 12, '2018-01-09 00:00:00', '0000-00-00 00:00:00', 5100, 0, 0),
(931, 12, '2018-02-09 00:00:00', '0000-00-00 00:00:00', 5100, 0, 0),
(932, 12, '2018-03-09 00:00:00', '0000-00-00 00:00:00', 5100, 0, 0),
(933, 12, '2018-04-09 00:00:00', '0000-00-00 00:00:00', 5100, 0, 0),
(934, 12, '2018-04-09 00:00:00', '0000-00-00 00:00:00', 18888, 0, 1),
(935, 12, '2018-05-09 00:00:00', '0000-00-00 00:00:00', 5100, 0, 0),
(936, 12, '2018-06-09 00:00:00', '0000-00-00 00:00:00', 5100, 0, 0),
(937, 12, '2018-07-09 00:00:00', '0000-00-00 00:00:00', 5100, 0, 0),
(938, 12, '2018-08-09 00:00:00', '0000-00-00 00:00:00', 5100, 0, 0),
(939, 12, '2018-09-09 00:00:00', '0000-00-00 00:00:00', 5100, 0, 0),
(940, 12, '2018-10-09 00:00:00', '0000-00-00 00:00:00', 5100, 0, 0),
(941, 12, '2018-11-09 00:00:00', '0000-00-00 00:00:00', 5100, 0, 0),
(942, 12, '2018-12-09 00:00:00', '0000-00-00 00:00:00', 5100, 0, 0),
(943, 12, '2019-01-09 00:00:00', '0000-00-00 00:00:00', 5100, 0, 0),
(944, 12, '2019-02-09 00:00:00', '0000-00-00 00:00:00', 5100, 0, 0),
(945, 12, '2019-03-09 00:00:00', '0000-00-00 00:00:00', 5100, 0, 0),
(946, 12, '2019-04-09 00:00:00', '0000-00-00 00:00:00', 5100, 0, 0),
(947, 12, '2019-04-09 00:00:00', '0000-00-00 00:00:00', 18888, 0, 1),
(948, 12, '2019-05-09 00:00:00', '0000-00-00 00:00:00', 5100, 0, 0),
(949, 13, '2013-06-09 00:00:00', '2013-04-09 00:00:00', 5100, 5100, 0),
(950, 13, '2013-07-09 00:00:00', '0000-00-00 00:00:00', 5100, 0, 0),
(951, 13, '2013-08-09 00:00:00', '0000-00-00 00:00:00', 5100, 0, 0),
(952, 13, '2013-09-09 00:00:00', '0000-00-00 00:00:00', 5100, 0, 0),
(953, 13, '2013-10-09 00:00:00', '0000-00-00 00:00:00', 5100, 0, 0),
(954, 13, '2013-11-09 00:00:00', '0000-00-00 00:00:00', 5100, 0, 0),
(955, 13, '2013-12-09 00:00:00', '0000-00-00 00:00:00', 5100, 0, 0),
(956, 13, '2014-01-09 00:00:00', '0000-00-00 00:00:00', 5100, 0, 0),
(957, 13, '2014-02-09 00:00:00', '0000-00-00 00:00:00', 5100, 0, 0),
(958, 13, '2014-03-09 00:00:00', '0000-00-00 00:00:00', 5100, 0, 0),
(959, 13, '2014-04-09 00:00:00', '0000-00-00 00:00:00', 5100, 0, 0),
(960, 13, '2014-05-09 00:00:00', '0000-00-00 00:00:00', 5100, 0, 0),
(961, 13, '2014-05-09 00:00:00', '0000-00-00 00:00:00', 18888, 0, 1),
(962, 13, '2014-06-09 00:00:00', '0000-00-00 00:00:00', 5100, 0, 0),
(963, 13, '2014-07-09 00:00:00', '0000-00-00 00:00:00', 5100, 0, 0),
(964, 13, '2014-08-09 00:00:00', '0000-00-00 00:00:00', 5100, 0, 0),
(965, 13, '2014-09-09 00:00:00', '0000-00-00 00:00:00', 5100, 0, 0),
(966, 13, '2014-10-09 00:00:00', '0000-00-00 00:00:00', 5100, 0, 0),
(967, 13, '2014-11-09 00:00:00', '0000-00-00 00:00:00', 5100, 0, 0),
(968, 13, '2014-12-09 00:00:00', '0000-00-00 00:00:00', 5100, 0, 0),
(969, 13, '2015-01-09 00:00:00', '0000-00-00 00:00:00', 5100, 0, 0),
(970, 13, '2015-02-09 00:00:00', '0000-00-00 00:00:00', 5100, 0, 0),
(971, 13, '2015-03-09 00:00:00', '0000-00-00 00:00:00', 5100, 0, 0),
(972, 13, '2015-04-09 00:00:00', '0000-00-00 00:00:00', 5100, 0, 0),
(973, 13, '2015-05-09 00:00:00', '0000-00-00 00:00:00', 5100, 0, 0),
(974, 13, '2015-05-09 00:00:00', '0000-00-00 00:00:00', 18888, 0, 1),
(975, 13, '2015-06-09 00:00:00', '0000-00-00 00:00:00', 5100, 0, 0),
(976, 13, '2015-07-09 00:00:00', '0000-00-00 00:00:00', 5100, 0, 0),
(977, 13, '2015-08-09 00:00:00', '0000-00-00 00:00:00', 5100, 0, 0),
(978, 13, '2015-09-09 00:00:00', '0000-00-00 00:00:00', 5100, 0, 0),
(979, 13, '2015-10-09 00:00:00', '0000-00-00 00:00:00', 5100, 0, 0),
(980, 13, '2015-11-09 00:00:00', '0000-00-00 00:00:00', 5100, 0, 0),
(981, 13, '2015-12-09 00:00:00', '0000-00-00 00:00:00', 5100, 0, 0),
(982, 13, '2016-01-09 00:00:00', '0000-00-00 00:00:00', 5100, 0, 0),
(983, 13, '2016-02-09 00:00:00', '0000-00-00 00:00:00', 5100, 0, 0),
(984, 13, '2016-03-09 00:00:00', '0000-00-00 00:00:00', 5100, 0, 0),
(985, 13, '2016-04-09 00:00:00', '0000-00-00 00:00:00', 5100, 0, 0),
(986, 13, '2016-05-09 00:00:00', '0000-00-00 00:00:00', 5100, 0, 0),
(987, 13, '2016-05-09 00:00:00', '0000-00-00 00:00:00', 18888, 0, 1),
(988, 13, '2016-06-09 00:00:00', '0000-00-00 00:00:00', 5100, 0, 0),
(989, 13, '2016-07-09 00:00:00', '0000-00-00 00:00:00', 5100, 0, 0),
(990, 13, '2016-08-09 00:00:00', '0000-00-00 00:00:00', 5100, 0, 0),
(991, 13, '2016-09-09 00:00:00', '0000-00-00 00:00:00', 5100, 0, 0),
(992, 13, '2016-10-09 00:00:00', '0000-00-00 00:00:00', 5100, 0, 0),
(993, 13, '2016-11-09 00:00:00', '0000-00-00 00:00:00', 5100, 0, 0),
(994, 13, '2016-12-09 00:00:00', '0000-00-00 00:00:00', 5100, 0, 0),
(995, 13, '2017-01-09 00:00:00', '0000-00-00 00:00:00', 5100, 0, 0),
(996, 13, '2017-02-09 00:00:00', '0000-00-00 00:00:00', 5100, 0, 0),
(997, 13, '2017-03-09 00:00:00', '0000-00-00 00:00:00', 5100, 0, 0),
(998, 13, '2017-04-09 00:00:00', '0000-00-00 00:00:00', 5100, 0, 0),
(999, 13, '2017-05-09 00:00:00', '0000-00-00 00:00:00', 5100, 0, 0),
(1000, 13, '2017-05-09 00:00:00', '0000-00-00 00:00:00', 18888, 0, 1),
(1001, 13, '2017-06-09 00:00:00', '0000-00-00 00:00:00', 5100, 0, 0),
(1002, 13, '2017-07-09 00:00:00', '0000-00-00 00:00:00', 5100, 0, 0),
(1003, 13, '2017-08-09 00:00:00', '0000-00-00 00:00:00', 5100, 0, 0),
(1004, 13, '2017-09-09 00:00:00', '0000-00-00 00:00:00', 5100, 0, 0),
(1005, 13, '2017-10-09 00:00:00', '0000-00-00 00:00:00', 5100, 0, 0),
(1006, 13, '2017-11-09 00:00:00', '0000-00-00 00:00:00', 5100, 0, 0),
(1007, 13, '2017-12-09 00:00:00', '0000-00-00 00:00:00', 5100, 0, 0),
(1008, 13, '2018-01-09 00:00:00', '0000-00-00 00:00:00', 5100, 0, 0),
(1009, 13, '2018-02-09 00:00:00', '0000-00-00 00:00:00', 5100, 0, 0),
(1010, 13, '2018-03-09 00:00:00', '0000-00-00 00:00:00', 5100, 0, 0),
(1011, 13, '2018-04-09 00:00:00', '0000-00-00 00:00:00', 5100, 0, 0),
(1012, 13, '2018-05-09 00:00:00', '0000-00-00 00:00:00', 5100, 0, 0),
(1013, 13, '2018-05-09 00:00:00', '0000-00-00 00:00:00', 18888, 0, 1),
(1014, 13, '2018-06-09 00:00:00', '0000-00-00 00:00:00', 5100, 0, 0),
(1015, 13, '2018-07-09 00:00:00', '0000-00-00 00:00:00', 5100, 0, 0),
(1016, 13, '2018-08-09 00:00:00', '0000-00-00 00:00:00', 5100, 0, 0),
(1017, 13, '2018-09-09 00:00:00', '0000-00-00 00:00:00', 5100, 0, 0),
(1018, 13, '2018-10-09 00:00:00', '0000-00-00 00:00:00', 5100, 0, 0),
(1019, 13, '2018-11-09 00:00:00', '0000-00-00 00:00:00', 5100, 0, 0),
(1020, 13, '2018-12-09 00:00:00', '0000-00-00 00:00:00', 5100, 0, 0),
(1021, 13, '2019-01-09 00:00:00', '0000-00-00 00:00:00', 5100, 0, 0),
(1022, 13, '2019-02-09 00:00:00', '0000-00-00 00:00:00', 5100, 0, 0),
(1023, 13, '2019-03-09 00:00:00', '0000-00-00 00:00:00', 5100, 0, 0),
(1024, 13, '2019-04-09 00:00:00', '0000-00-00 00:00:00', 5100, 0, 0),
(1025, 13, '2019-05-09 00:00:00', '0000-00-00 00:00:00', 5100, 0, 0),
(1026, 13, '2019-05-09 00:00:00', '0000-00-00 00:00:00', 18888, 0, 1),
(1027, 13, '2019-06-09 00:00:00', '0000-00-00 00:00:00', 5100, 0, 0),
(1028, 14, '2013-06-09 00:00:00', '2013-04-09 00:00:00', 5100, 5100, 0),
(1029, 14, '2013-07-09 00:00:00', '0000-00-00 00:00:00', 5100, 0, 0),
(1030, 14, '2013-08-09 00:00:00', '0000-00-00 00:00:00', 5100, 0, 0),
(1031, 14, '2013-09-09 00:00:00', '0000-00-00 00:00:00', 5100, 0, 0),
(1032, 14, '2013-10-09 00:00:00', '0000-00-00 00:00:00', 5100, 0, 0),
(1033, 14, '2013-11-09 00:00:00', '0000-00-00 00:00:00', 5100, 0, 0),
(1034, 14, '2013-12-09 00:00:00', '0000-00-00 00:00:00', 5100, 0, 0),
(1035, 14, '2014-01-09 00:00:00', '0000-00-00 00:00:00', 5100, 0, 0),
(1036, 14, '2014-02-09 00:00:00', '0000-00-00 00:00:00', 5100, 0, 0),
(1037, 14, '2014-03-09 00:00:00', '0000-00-00 00:00:00', 5100, 0, 0),
(1038, 14, '2014-04-09 00:00:00', '0000-00-00 00:00:00', 5100, 0, 0),
(1039, 14, '2014-05-09 00:00:00', '0000-00-00 00:00:00', 5100, 0, 0),
(1040, 14, '2014-05-09 00:00:00', '0000-00-00 00:00:00', 18888, 0, 1),
(1041, 14, '2014-06-09 00:00:00', '0000-00-00 00:00:00', 5100, 0, 0),
(1042, 14, '2014-07-09 00:00:00', '0000-00-00 00:00:00', 5100, 0, 0),
(1043, 14, '2014-08-09 00:00:00', '0000-00-00 00:00:00', 5100, 0, 0),
(1044, 14, '2014-09-09 00:00:00', '0000-00-00 00:00:00', 5100, 0, 0),
(1045, 14, '2014-10-09 00:00:00', '0000-00-00 00:00:00', 5100, 0, 0),
(1046, 14, '2014-11-09 00:00:00', '0000-00-00 00:00:00', 5100, 0, 0),
(1047, 14, '2014-12-09 00:00:00', '0000-00-00 00:00:00', 5100, 0, 0),
(1048, 14, '2015-01-09 00:00:00', '0000-00-00 00:00:00', 5100, 0, 0),
(1049, 14, '2015-02-09 00:00:00', '0000-00-00 00:00:00', 5100, 0, 0),
(1050, 14, '2015-03-09 00:00:00', '0000-00-00 00:00:00', 5100, 0, 0),
(1051, 14, '2015-04-09 00:00:00', '0000-00-00 00:00:00', 5100, 0, 0),
(1052, 14, '2015-05-09 00:00:00', '0000-00-00 00:00:00', 5100, 0, 0),
(1053, 14, '2015-05-09 00:00:00', '0000-00-00 00:00:00', 18888, 0, 1),
(1054, 14, '2015-06-09 00:00:00', '0000-00-00 00:00:00', 5100, 0, 0),
(1055, 14, '2015-07-09 00:00:00', '0000-00-00 00:00:00', 5100, 0, 0),
(1056, 14, '2015-08-09 00:00:00', '0000-00-00 00:00:00', 5100, 0, 0),
(1057, 14, '2015-09-09 00:00:00', '0000-00-00 00:00:00', 5100, 0, 0),
(1058, 14, '2015-10-09 00:00:00', '0000-00-00 00:00:00', 5100, 0, 0),
(1059, 14, '2015-11-09 00:00:00', '0000-00-00 00:00:00', 5100, 0, 0),
(1060, 14, '2015-12-09 00:00:00', '0000-00-00 00:00:00', 5100, 0, 0),
(1061, 14, '2016-01-09 00:00:00', '0000-00-00 00:00:00', 5100, 0, 0),
(1062, 14, '2016-02-09 00:00:00', '0000-00-00 00:00:00', 5100, 0, 0),
(1063, 14, '2016-03-09 00:00:00', '0000-00-00 00:00:00', 5100, 0, 0),
(1064, 14, '2016-04-09 00:00:00', '0000-00-00 00:00:00', 5100, 0, 0),
(1065, 14, '2016-05-09 00:00:00', '0000-00-00 00:00:00', 5100, 0, 0),
(1066, 14, '2016-05-09 00:00:00', '0000-00-00 00:00:00', 18888, 0, 1),
(1067, 14, '2016-06-09 00:00:00', '0000-00-00 00:00:00', 5100, 0, 0),
(1068, 14, '2016-07-09 00:00:00', '0000-00-00 00:00:00', 5100, 0, 0),
(1069, 14, '2016-08-09 00:00:00', '0000-00-00 00:00:00', 5100, 0, 0),
(1070, 14, '2016-09-09 00:00:00', '0000-00-00 00:00:00', 5100, 0, 0),
(1071, 14, '2016-10-09 00:00:00', '0000-00-00 00:00:00', 5100, 0, 0),
(1072, 14, '2016-11-09 00:00:00', '0000-00-00 00:00:00', 5100, 0, 0),
(1073, 14, '2016-12-09 00:00:00', '0000-00-00 00:00:00', 5100, 0, 0),
(1074, 14, '2017-01-09 00:00:00', '0000-00-00 00:00:00', 5100, 0, 0),
(1075, 14, '2017-02-09 00:00:00', '0000-00-00 00:00:00', 5100, 0, 0),
(1076, 14, '2017-03-09 00:00:00', '0000-00-00 00:00:00', 5100, 0, 0),
(1077, 14, '2017-04-09 00:00:00', '0000-00-00 00:00:00', 5100, 0, 0),
(1078, 14, '2017-05-09 00:00:00', '0000-00-00 00:00:00', 5100, 0, 0),
(1079, 14, '2017-05-09 00:00:00', '0000-00-00 00:00:00', 18888, 0, 1),
(1080, 14, '2017-06-09 00:00:00', '0000-00-00 00:00:00', 5100, 0, 0),
(1081, 14, '2017-07-09 00:00:00', '0000-00-00 00:00:00', 5100, 0, 0),
(1082, 14, '2017-08-09 00:00:00', '0000-00-00 00:00:00', 5100, 0, 0),
(1083, 14, '2017-09-09 00:00:00', '0000-00-00 00:00:00', 5100, 0, 0),
(1084, 14, '2017-10-09 00:00:00', '0000-00-00 00:00:00', 5100, 0, 0),
(1085, 14, '2017-11-09 00:00:00', '0000-00-00 00:00:00', 5100, 0, 0),
(1086, 14, '2017-12-09 00:00:00', '0000-00-00 00:00:00', 5100, 0, 0),
(1087, 14, '2018-01-09 00:00:00', '0000-00-00 00:00:00', 5100, 0, 0),
(1088, 14, '2018-02-09 00:00:00', '0000-00-00 00:00:00', 5100, 0, 0),
(1089, 14, '2018-03-09 00:00:00', '0000-00-00 00:00:00', 5100, 0, 0),
(1090, 14, '2018-04-09 00:00:00', '0000-00-00 00:00:00', 5100, 0, 0),
(1091, 14, '2018-05-09 00:00:00', '0000-00-00 00:00:00', 5100, 0, 0),
(1092, 14, '2018-05-09 00:00:00', '0000-00-00 00:00:00', 18888, 0, 1),
(1093, 14, '2018-06-09 00:00:00', '0000-00-00 00:00:00', 5100, 0, 0),
(1094, 14, '2018-07-09 00:00:00', '0000-00-00 00:00:00', 5100, 0, 0),
(1095, 14, '2018-08-09 00:00:00', '0000-00-00 00:00:00', 5100, 0, 0),
(1096, 14, '2018-09-09 00:00:00', '0000-00-00 00:00:00', 5100, 0, 0),
(1097, 14, '2018-10-09 00:00:00', '0000-00-00 00:00:00', 5100, 0, 0),
(1098, 14, '2018-11-09 00:00:00', '0000-00-00 00:00:00', 5100, 0, 0),
(1099, 14, '2018-12-09 00:00:00', '0000-00-00 00:00:00', 5100, 0, 0),
(1100, 14, '2019-01-09 00:00:00', '0000-00-00 00:00:00', 5100, 0, 0),
(1101, 14, '2019-02-09 00:00:00', '0000-00-00 00:00:00', 5100, 0, 0),
(1102, 14, '2019-03-09 00:00:00', '0000-00-00 00:00:00', 5100, 0, 0),
(1103, 14, '2019-04-09 00:00:00', '0000-00-00 00:00:00', 5100, 0, 0),
(1104, 14, '2019-05-09 00:00:00', '0000-00-00 00:00:00', 5100, 0, 0),
(1105, 14, '2019-05-09 00:00:00', '0000-00-00 00:00:00', 18888, 0, 1),
(1106, 14, '2019-06-09 00:00:00', '0000-00-00 00:00:00', 5100, 0, 0),
(1107, 15, '2013-06-09 00:00:00', '0000-00-00 00:00:00', 5100, 0, 0),
(1108, 15, '2013-07-09 00:00:00', '0000-00-00 00:00:00', 5100, 0, 0),
(1109, 15, '2013-08-09 00:00:00', '0000-00-00 00:00:00', 5100, 0, 0),
(1110, 15, '2013-09-09 00:00:00', '0000-00-00 00:00:00', 5100, 0, 0),
(1111, 15, '2013-10-09 00:00:00', '0000-00-00 00:00:00', 5100, 0, 0),
(1112, 15, '2013-11-09 00:00:00', '0000-00-00 00:00:00', 5100, 0, 0),
(1113, 15, '2013-12-09 00:00:00', '0000-00-00 00:00:00', 5100, 0, 0),
(1114, 15, '2014-01-09 00:00:00', '0000-00-00 00:00:00', 5100, 0, 0),
(1115, 15, '2014-02-09 00:00:00', '0000-00-00 00:00:00', 5100, 0, 0),
(1116, 15, '2014-03-09 00:00:00', '0000-00-00 00:00:00', 5100, 0, 0),
(1117, 15, '2014-04-09 00:00:00', '0000-00-00 00:00:00', 5100, 0, 0),
(1118, 15, '2014-05-09 00:00:00', '0000-00-00 00:00:00', 5100, 0, 0),
(1119, 15, '2014-05-09 00:00:00', '0000-00-00 00:00:00', 18888, 0, 1),
(1120, 15, '2014-06-09 00:00:00', '0000-00-00 00:00:00', 5100, 0, 0),
(1121, 15, '2014-07-09 00:00:00', '0000-00-00 00:00:00', 5100, 0, 0),
(1122, 15, '2014-08-09 00:00:00', '0000-00-00 00:00:00', 5100, 0, 0),
(1123, 15, '2014-09-09 00:00:00', '0000-00-00 00:00:00', 5100, 0, 0),
(1124, 15, '2014-10-09 00:00:00', '0000-00-00 00:00:00', 5100, 0, 0),
(1125, 15, '2014-11-09 00:00:00', '0000-00-00 00:00:00', 5100, 0, 0),
(1126, 15, '2014-12-09 00:00:00', '0000-00-00 00:00:00', 5100, 0, 0),
(1127, 15, '2015-01-09 00:00:00', '0000-00-00 00:00:00', 5100, 0, 0),
(1128, 15, '2015-02-09 00:00:00', '0000-00-00 00:00:00', 5100, 0, 0),
(1129, 15, '2015-03-09 00:00:00', '0000-00-00 00:00:00', 5100, 0, 0),
(1130, 15, '2015-04-09 00:00:00', '0000-00-00 00:00:00', 5100, 0, 0),
(1131, 15, '2015-05-09 00:00:00', '0000-00-00 00:00:00', 5100, 0, 0),
(1132, 15, '2015-05-09 00:00:00', '0000-00-00 00:00:00', 18888, 0, 1),
(1133, 15, '2015-06-09 00:00:00', '0000-00-00 00:00:00', 5100, 0, 0),
(1134, 15, '2015-07-09 00:00:00', '0000-00-00 00:00:00', 5100, 0, 0),
(1135, 15, '2015-08-09 00:00:00', '0000-00-00 00:00:00', 5100, 0, 0),
(1136, 15, '2015-09-09 00:00:00', '0000-00-00 00:00:00', 5100, 0, 0),
(1137, 15, '2015-10-09 00:00:00', '0000-00-00 00:00:00', 5100, 0, 0),
(1138, 15, '2015-11-09 00:00:00', '0000-00-00 00:00:00', 5100, 0, 0),
(1139, 15, '2015-12-09 00:00:00', '0000-00-00 00:00:00', 5100, 0, 0),
(1140, 15, '2016-01-09 00:00:00', '0000-00-00 00:00:00', 5100, 0, 0),
(1141, 15, '2016-02-09 00:00:00', '0000-00-00 00:00:00', 5100, 0, 0),
(1142, 15, '2016-03-09 00:00:00', '0000-00-00 00:00:00', 5100, 0, 0),
(1143, 15, '2016-04-09 00:00:00', '0000-00-00 00:00:00', 5100, 0, 0),
(1144, 15, '2016-05-09 00:00:00', '0000-00-00 00:00:00', 5100, 0, 0),
(1145, 15, '2016-05-09 00:00:00', '0000-00-00 00:00:00', 18888, 0, 1),
(1146, 15, '2016-06-09 00:00:00', '0000-00-00 00:00:00', 5100, 0, 0),
(1147, 15, '2016-07-09 00:00:00', '0000-00-00 00:00:00', 5100, 0, 0),
(1148, 15, '2016-08-09 00:00:00', '0000-00-00 00:00:00', 5100, 0, 0),
(1149, 15, '2016-09-09 00:00:00', '0000-00-00 00:00:00', 5100, 0, 0),
(1150, 15, '2016-10-09 00:00:00', '0000-00-00 00:00:00', 5100, 0, 0),
(1151, 15, '2016-11-09 00:00:00', '0000-00-00 00:00:00', 5100, 0, 0),
(1152, 15, '2016-12-09 00:00:00', '0000-00-00 00:00:00', 5100, 0, 0),
(1153, 15, '2017-01-09 00:00:00', '0000-00-00 00:00:00', 5100, 0, 0),
(1154, 15, '2017-02-09 00:00:00', '0000-00-00 00:00:00', 5100, 0, 0),
(1155, 15, '2017-03-09 00:00:00', '0000-00-00 00:00:00', 5100, 0, 0),
(1156, 15, '2017-04-09 00:00:00', '0000-00-00 00:00:00', 5100, 0, 0),
(1157, 15, '2017-05-09 00:00:00', '0000-00-00 00:00:00', 5100, 0, 0),
(1158, 15, '2017-05-09 00:00:00', '0000-00-00 00:00:00', 18888, 0, 1),
(1159, 15, '2017-06-09 00:00:00', '0000-00-00 00:00:00', 5100, 0, 0),
(1160, 15, '2017-07-09 00:00:00', '0000-00-00 00:00:00', 5100, 0, 0),
(1161, 15, '2017-08-09 00:00:00', '0000-00-00 00:00:00', 5100, 0, 0),
(1162, 15, '2017-09-09 00:00:00', '0000-00-00 00:00:00', 5100, 0, 0),
(1163, 15, '2017-10-09 00:00:00', '0000-00-00 00:00:00', 5100, 0, 0),
(1164, 15, '2017-11-09 00:00:00', '0000-00-00 00:00:00', 5100, 0, 0),
(1165, 15, '2017-12-09 00:00:00', '0000-00-00 00:00:00', 5100, 0, 0),
(1166, 15, '2018-01-09 00:00:00', '0000-00-00 00:00:00', 5100, 0, 0),
(1167, 15, '2018-02-09 00:00:00', '0000-00-00 00:00:00', 5100, 0, 0),
(1168, 15, '2018-03-09 00:00:00', '0000-00-00 00:00:00', 5100, 0, 0),
(1169, 15, '2018-04-09 00:00:00', '0000-00-00 00:00:00', 5100, 0, 0),
(1170, 15, '2018-05-09 00:00:00', '0000-00-00 00:00:00', 5100, 0, 0),
(1171, 15, '2018-05-09 00:00:00', '0000-00-00 00:00:00', 18888, 0, 1),
(1172, 15, '2018-06-09 00:00:00', '0000-00-00 00:00:00', 5100, 0, 0),
(1173, 15, '2018-07-09 00:00:00', '0000-00-00 00:00:00', 5100, 0, 0),
(1174, 15, '2018-08-09 00:00:00', '0000-00-00 00:00:00', 5100, 0, 0),
(1175, 15, '2018-09-09 00:00:00', '0000-00-00 00:00:00', 5100, 0, 0),
(1176, 15, '2018-10-09 00:00:00', '0000-00-00 00:00:00', 5100, 0, 0),
(1177, 15, '2018-11-09 00:00:00', '0000-00-00 00:00:00', 5100, 0, 0),
(1178, 15, '2018-12-09 00:00:00', '0000-00-00 00:00:00', 5100, 0, 0),
(1179, 15, '2019-01-09 00:00:00', '0000-00-00 00:00:00', 5100, 0, 0),
(1180, 15, '2019-02-09 00:00:00', '0000-00-00 00:00:00', 5100, 0, 0),
(1181, 15, '2019-03-09 00:00:00', '0000-00-00 00:00:00', 5100, 0, 0),
(1182, 15, '2019-04-09 00:00:00', '0000-00-00 00:00:00', 5100, 0, 0),
(1183, 15, '2019-05-09 00:00:00', '0000-00-00 00:00:00', 5100, 0, 0),
(1184, 15, '2019-05-09 00:00:00', '0000-00-00 00:00:00', 18888, 0, 1),
(1185, 15, '2019-06-09 00:00:00', '0000-00-00 00:00:00', 5100, 0, 0);

-- --------------------------------------------------------

--
-- Table structure for table `xplannings`
--

CREATE TABLE IF NOT EXISTS `xplannings` (
  `id` int(11) NOT NULL auto_increment,
  `name` varchar(150) NOT NULL,
  `Phase` varchar(100) NOT NULL,
  `is_private` tinyint(4) NOT NULL default '0',
  PRIMARY KEY  (`id`)
) ENGINE=InnoDB  DEFAULT CHARSET=latin1 AUTO_INCREMENT=2 ;

--
-- Dumping data for table `xplannings`
--

INSERT INTO `xplannings` (`id`, `name`, `Phase`, `is_private`) VALUES
(1, 'Kanewal City', '-', 0);

-- --------------------------------------------------------

--
-- Table structure for table `xplots`
--

CREATE TABLE IF NOT EXISTS `xplots` (
  `id` int(11) NOT NULL auto_increment,
  `name` varchar(255) NOT NULL,
  `planning_id` int(11) NOT NULL,
  `width` float NOT NULL,
  `height` float NOT NULL,
  `Area` float NOT NULL,
  `status` varchar(20) NOT NULL,
  `block_number` varchar(255) NOT NULL,
  `SqAreaCost` float NOT NULL,
  `is_corner` tinyint(4) NOT NULL,
  `Unit` varchar(255) NOT NULL,
  `date` datetime NOT NULL,
  `salespolicy_id` int(11) NOT NULL,
  PRIMARY KEY  (`id`)
) ENGINE=InnoDB  DEFAULT CHARSET=latin1 AUTO_INCREMENT=26 ;

--
-- Dumping data for table `xplots`
--

INSERT INTO `xplots` (`id`, `name`, `planning_id`, `width`, `height`, `Area`, `status`, `block_number`, `SqAreaCost`, `is_corner`, `Unit`, `date`, `salespolicy_id`) VALUES
(1, 'Plot 1', 1, 20, 26.5, 151, 'EMISold', 'C', 3650, 0, 'SqYard', '2013-04-08 00:00:00', 2),
(2, 'Plot 2', 1, 20, 26.5, 151, 'EMISold', 'C', 3650, 0, 'SqYard', '2013-04-08 00:00:00', 2),
(3, 'Plot 3', 1, 20, 26.5, 151, 'EMISold', 'C', 3650, 0, 'SqYard', '2013-04-08 00:00:00', 2),
(4, 'Plot 4', 1, 20, 26.5, 151, 'EMISold', 'C', 3650, 0, 'SqYard', '2013-04-08 00:00:00', 2),
(5, 'Plot 5', 1, 20, 26.5, 151, 'EMISold', 'C', 3650, 0, 'SqYard', '2013-04-08 00:00:00', 2),
(6, 'Plot 6', 1, 20, 26.5, 151, 'EMISold', 'C', 3650, 0, 'SqYard', '2013-04-08 00:00:00', 2),
(7, 'Plot 7', 1, 20, 26.5, 151, 'EMISold', 'C', 3650, 0, 'SqYard', '2013-04-08 00:00:00', 2),
(8, 'Plot 8', 1, 20, 26.5, 151, 'EMISold', 'C', 3650, 0, 'SqYard', '2013-04-08 00:00:00', 2),
(9, 'Plot 9', 1, 20, 26.5, 151, 'EMISold', 'C', 3650, 0, 'SqYard', '2013-04-08 00:00:00', 2),
(10, 'Plot 10', 1, 20, 26.5, 151, 'EMISold', 'C', 3650, 0, 'SqYard', '2013-04-08 00:00:00', 2),
(11, 'Plot 11', 1, 20, 26.5, 151, 'EMISold', 'C', 3650, 0, 'SqYard', '2013-04-08 00:00:00', 2),
(12, 'Plot 12', 1, 20, 26.5, 151, 'EMISold', 'C', 3650, 0, 'SqYard', '2013-04-08 00:00:00', 2),
(13, 'Plot 13', 1, 20, 26.5, 151, 'EMISold', 'C', 3650, 0, 'SqYard', '2013-04-08 00:00:00', 2),
(14, 'Plot 14', 1, 20, 26.5, 151, 'EMISold', 'C', 3650, 0, 'SqYard', '2013-04-08 00:00:00', 2),
(15, 'Plot 15', 1, 20, 26.5, 151, 'EMISold', 'C', 3650, 0, 'SqYard', '2013-04-08 00:00:00', 2),
(16, 'Plot 16', 1, 20, 26.5, 151, 'Available', 'C', 3650, 0, 'SqYard', '2013-04-08 00:00:00', 2),
(17, 'Plot 17', 1, 20, 26.5, 151, 'Available', 'C', 3650, 0, 'SqYard', '2013-04-08 00:00:00', 2),
(18, 'Plot 18', 1, 20, 26.5, 151, 'Available', 'C', 3650, 0, 'SqYard', '2013-04-08 00:00:00', 2),
(19, 'Plot 19', 1, 20, 26.5, 151, 'Available', 'C', 3650, 0, 'SqYard', '2013-04-08 00:00:00', 2),
(20, 'Plot 20', 1, 20, 26.5, 151, 'Available', 'C', 3650, 0, 'SqYard', '2013-04-08 00:00:00', 2),
(21, 'Plot 21', 1, 20, 26.5, 151, 'Available', 'C', 3650, 0, 'SqYard', '2013-04-08 00:00:00', 2),
(22, 'Plot 22', 1, 20, 26.5, 151, 'Available', 'C', 3650, 0, 'SqYard', '2013-04-08 00:00:00', 2),
(23, 'Plot 23', 1, 20, 26.5, 151, 'Available', 'C', 3650, 0, 'SqYard', '2013-04-08 00:00:00', 2),
(24, 'Plot 24', 1, 20, 26.5, 151, 'Available', 'C', 3650, 0, 'SqYard', '2013-04-08 00:00:00', 2),
(25, 'Plot 25', 1, 20, 26.5, 151, 'Available', 'C', 3650, 0, 'SqYard', '2013-04-08 00:00:00', 2);

-- --------------------------------------------------------

--
-- Table structure for table `xsales`
--

CREATE TABLE IF NOT EXISTS `xsales` (
  `id` int(11) NOT NULL auto_increment,
  `plot_id` int(11) NOT NULL,
  `agent_id` int(11) NOT NULL,
  `customer_id` int(11) NOT NULL,
  `RatePerSqUnit` int(11) NOT NULL,
  `salespolicy_name` varchar(255) NOT NULL,
  `down_payment` int(11) NOT NULL,
  `total_cost` int(11) NOT NULL,
  `emi_pattern` text NOT NULL,
  `emi_mode` varchar(10) NOT NULL,
  `master_emi` int(11) NOT NULL,
  `master_emi_mode` varchar(255) NOT NULL,
  `direct_commission_to_agent` varchar(255) NOT NULL,
  `emi_commission_to_agent` varchar(255) NOT NULL,
  `down_payment_submitted` int(11) NOT NULL default '0',
  `sales_date` datetime NOT NULL,
  `no_of_master_emi` int(11) NOT NULL,
  `is_current` tinyint(4) NOT NULL default '1',
  `Name_Of_Nominee` varchar(255) NOT NULL,
  `Relation_With_Applicant` varchar(255) NOT NULL,
  `Nominee_PAN_NO` varchar(255) NOT NULL,
  `Nominee_Age` int(11) NOT NULL,
  `Nominee_Address` text NOT NULL,
  PRIMARY KEY  (`id`)
) ENGINE=InnoDB  DEFAULT CHARSET=latin1 AUTO_INCREMENT=16 ;

--
-- Dumping data for table `xsales`
--

INSERT INTO `xsales` (`id`, `plot_id`, `agent_id`, `customer_id`, `RatePerSqUnit`, `salespolicy_name`, `down_payment`, `total_cost`, `emi_pattern`, `emi_mode`, `master_emi`, `master_emi_mode`, `direct_commission_to_agent`, `emi_commission_to_agent`, `down_payment_submitted`, `sales_date`, `no_of_master_emi`, `is_current`, `Name_Of_Nominee`, `Relation_With_Applicant`, `Nominee_PAN_NO`, `Nominee_Age`, `Nominee_Address`) VALUES
(1, 1, 0, 8, 3650, '73EMI Plan Policy', 0, 485628, '5100x73', 'Monthly', 18888, 'Yearly', '1000', '0', 0, '2013-04-08 00:00:00', 6, 1, '', '', '', 0, ''),
(2, 2, 0, 9, 3650, '73EMI Plan Policy', 0, 485628, '5100x73', 'Monthly', 18888, 'Yearly', '1000', '0', 0, '2013-04-08 00:00:00', 6, 1, '', '', '', 0, ''),
(3, 3, 0, 10, 3650, '73EMI Plan Policy', 0, 485628, '5100x73', 'Monthly', 18888, 'Yearly', '1000', '0', 0, '2013-04-08 00:00:00', 6, 1, '', '', '', 0, ''),
(4, 4, 0, 11, 3650, '73EMI Plan Policy', 0, 485628, '5100x73', 'Monthly', 18888, 'Yearly', '1000', '0', 0, '2013-04-08 00:00:00', 6, 1, '', '', '', 0, ''),
(5, 5, 0, 12, 3650, '73EMI Plan Policy', 0, 485628, '5100x73', 'Monthly', 18888, 'Yearly', '1000', '0', 0, '2013-04-08 00:00:00', 6, 1, 'Ratnesh Pandey', 'Husband', 'ALFPP6323B', 28, 'Block no.1/11, Jai Mahadev Nagar, Near Balol Nagar, Nava Vadaj Ahmedabad, Gujarat'),
(6, 6, 0, 13, 3650, '73EMI Plan Policy', 0, 485628, '5100x73', 'Monthly', 18888, 'Yearly', '1000', '0', 0, '2013-04-08 00:00:00', 6, 1, 'Sabita D Debnath', 'Business Partner', 'APQPD2474Q', 48, 'A-6, Kamlesh Park Society, Behind Priya Cinema, Krishna Nagar, Naroda, Ahmedabad, Gujarat'),
(7, 7, 0, 14, 3650, '73EMI Plan Policy', 0, 485628, '5100x73', 'Monthly', 18888, 'Yearly', '1000', '0', 0, '2013-04-08 00:00:00', 6, 1, 'Aarti Pandey', 'wife', '', 0, ''),
(8, 8, 0, 15, 3650, '73EMI Plan Policy', 0, 485628, '5100x73', 'Monthly', 18888, 'Yearly', '1000', '0', 0, '2013-04-08 00:00:00', 6, 1, 'Manju Devi N Jogi', 'wife', '', 0, '13/477, Vraj Nagari, 100 ft rd, Anand Nagar Road, Opp. Seema Hall, Vejalpur, Ahmedabad, Gujarat'),
(9, 9, 0, 16, 3650, '73EMI Plan Policy', 0, 485628, '5100x73', 'Monthly', 18888, 'Yearly', '1000', '0', 0, '2013-04-08 00:00:00', 6, 1, 'Savita Devi', 'Wife', '', 0, 'V.P.O.- Jawad, Tehsil, Sarada, Dist- Udaipur, Rajasthan'),
(10, 10, 0, 17, 3650, '73EMI Plan Policy', 0, 485628, '5100x73', 'Monthly', 18888, 'Yearly', '1000', '0', 0, '2013-04-08 00:00:00', 6, 1, 'Lalitdevi P Jogi', 'Wife', '', 0, '11/405, Vraj Nagri, 100ft Ring Road, Vejalpur, Ahmedabad, Gujarat'),
(11, 11, 0, 18, 3650, '73EMI Plan Policy', 0, 485628, '5100x73', 'Monthly', 18888, 'Yearly', '1000', '0', 0, '2013-04-08 00:00:00', 6, 1, 'Durgadevi M Jogi', 'Wife', '', 0, '13/469, Vraj Nagri, Opp. Seema Hall, 100 ft. Ring Road, Vejalpur, Ahmedabad, Gujarat'),
(12, 12, 0, 19, 3650, '73EMI Plan Policy', 0, 485628, '5100x73', 'Monthly', 18888, 'Yearly', '1000', '0', 0, '2013-04-09 00:00:00', 6, 1, 'Mr. Tarun S Kahar', 'Son', '', 0, 'Gali no. 10, Surai Nagar, Behind Vasna Police Chowki, Vasna, Ahmedabad, Gujarat'),
(13, 13, 0, 20, 3650, '73EMI Plan Policy', 0, 485628, '5100x73', 'Monthly', 18888, 'Yearly', '1000', '0', 0, '2013-04-09 00:00:00', 6, 1, 'Amrin Patel I.', 'Daughter', '', 0, '128, Prabhu Nagar, No.2, Z.I. Nutrition Center, Dani Limbra, Ahmedabad, Gujarat'),
(14, 14, 0, 21, 3650, '73EMI Plan Policy', 0, 485628, '5100x73', 'Monthly', 18888, 'Yearly', '1000', '0', 0, '2013-04-09 00:00:00', 6, 1, 'Jigna B Parmar', 'Wife', '', 0, '201, Suryakoti Flats, Chinubhai Colony, Kankariya, Maninagar, Ahmedabad, Gujarat'),
(15, 15, 0, 22, 3650, '73EMI Plan Policy', 0, 485628, '5100x73', 'Monthly', 18888, 'Yearly', '1000', '0', 0, '2013-04-09 00:00:00', 6, 1, 'Rakesh Sureshbhai Parmar', 'Brother', '', 0, '10/217, Gauatri Nagar, AEC Road, Nr. Janta Nagar, Amarayuwadi, Ahmedabad, Gujarat');

-- --------------------------------------------------------

--
-- Table structure for table `xsales_policies`
--

CREATE TABLE IF NOT EXISTS `xsales_policies` (
  `id` int(11) NOT NULL auto_increment,
  `name` varchar(255) NOT NULL,
  `down_payment` int(11) NOT NULL,
  `emi_pattern` text NOT NULL,
  `master_emi` int(11) NOT NULL,
  `no_of_master_emi` int(11) NOT NULL,
  `emi_mode` varchar(10) NOT NULL,
  `master_emi_mode` varchar(10) NOT NULL,
  `direct_commission_to_agent` varchar(255) NOT NULL,
  `emi_commission_to_agent` varchar(255) NOT NULL,
  PRIMARY KEY  (`id`)
) ENGINE=InnoDB  DEFAULT CHARSET=latin1 AUTO_INCREMENT=3 ;

--
-- Dumping data for table `xsales_policies`
--

INSERT INTO `xsales_policies` (`id`, `name`, `down_payment`, `emi_pattern`, `master_emi`, `no_of_master_emi`, `emi_mode`, `master_emi_mode`, `direct_commission_to_agent`, `emi_commission_to_agent`) VALUES
(2, '73EMI Plan Policy', 0, '5999x73', 18888, 6, 'Monthly', 'Yearly', '1000', '0');

/*!40101 SET CHARACTER_SET_CLIENT=@OLD_CHARACTER_SET_CLIENT */;
/*!40101 SET CHARACTER_SET_RESULTS=@OLD_CHARACTER_SET_RESULTS */;
/*!40101 SET COLLATION_CONNECTION=@OLD_COLLATION_CONNECTION */;
