-- phpMyAdmin SQL Dump
-- version 3.4.10.1deb1
-- http://www.phpmyadmin.net
--
-- Host: localhost
-- Generation Time: Mar 26, 2013 at 05:01 PM
-- Server version: 5.5.28
-- PHP Version: 5.3.10-1ubuntu3.5

SET SQL_MODE="NO_AUTO_VALUE_ON_ZERO";
SET time_zone = "+00:00";


/*!40101 SET @OLD_CHARACTER_SET_CLIENT=@@CHARACTER_SET_CLIENT */;
/*!40101 SET @OLD_CHARACTER_SET_RESULTS=@@CHARACTER_SET_RESULTS */;
/*!40101 SET @OLD_COLLATION_CONNECTION=@@COLLATION_CONNECTION */;
/*!40101 SET NAMES utf8 */;

--
-- Database: `sv`
--

-- --------------------------------------------------------

--
-- Table structure for table `acl_pages`
--

CREATE TABLE IF NOT EXISTS `acl_pages` (
  `id` int(11) NOT NULL AUTO_INCREMENT,
  `name` varchar(60) DEFAULT NULL,
  PRIMARY KEY (`id`)
) ENGINE=InnoDB  DEFAULT CHARSET=latin1 AUTO_INCREMENT=46 ;

--
-- Dumping data for table `acl_pages`
--

INSERT INTO `acl_pages` (`id`, `name`) VALUES
(1, 'users'),
(2, 'users_acls'),
(3, 'masters'),
(4, 'masters_session'),
(5, 'schooldata'),
(6, 'staffdata'),
(7, 'staff_movement'),
(8, 'hosteldata'),
(9, 'storedata'),
(10, 'reports'),
(11, 'users_acls_edit'),
(12, 'school_scholars'),
(13, 'school_studentClassMapping'),
(14, 'staff_add'),
(15, 'staff_attendance'),
(16, 'hostel_studentstore'),
(17, 'hostel_hostelallotement'),
(18, 'hostel_studentgardian'),
(19, 'hostel_studentmovement'),
(20, 'hostel_studentmovementreport'),
(21, 'hostel_studentdisease'),
(22, 'masters_class'),
(23, 'masters_subject'),
(24, 'masters_exam'),
(25, 'masters_hostel'),
(26, 'masters_category'),
(27, 'masters_item'),
(28, 'masters_party'),
(29, 'masters_feeshead'),
(30, 'masters_disease'),
(31, 'masters_scholars'),
(32, 'student_report'),
(33, 'hostel_attendence'),
(34, 'hostel_attendence_roomvise'),
(35, 'hostel_attendence_classvise'),
(36, 'hostel_attendence_hostelvise'),
(37, 'store_iteminward'),
(38, 'store_itemoutward'),
(39, 'store_stock'),
(40, 'store_reports'),
(41, 'store_reports_storealltlist'),
(42, 'store_reports_recipt'),
(43, 'store_studentstore'),
(44, 'staff'),
(45, 'staff_acls');

-- --------------------------------------------------------

--
-- Table structure for table `acl_users`
--

CREATE TABLE IF NOT EXISTS `acl_users` (
  `id` int(11) NOT NULL AUTO_INCREMENT,
  `acl_user_id` int(11) DEFAULT NULL,
  `page_id` int(60) DEFAULT NULL,
  `allowed` tinyint(4) DEFAULT '0',
  `permissions` varchar(50) DEFAULT NULL,
  PRIMARY KEY (`id`)
) ENGINE=InnoDB  DEFAULT CHARSET=latin1 AUTO_INCREMENT=79 ;

--
-- Dumping data for table `acl_users`
--

INSERT INTO `acl_users` (`id`, `acl_user_id`, `page_id`, `allowed`, `permissions`) VALUES
(1, 1, 1, 1, '30'),
(2, 1, 2, 1, '30'),
(3, 1, 3, 1, '30'),
(4, 1, 4, 1, '30'),
(5, 1, 5, 1, '30'),
(6, 1, 6, 1, '30'),
(7, 1, 7, 1, '30'),
(8, 2, 3, 0, NULL),
(9, 2, 5, 0, '30'),
(10, 2, 6, 1, '2'),
(11, 2, 1, 0, NULL),
(12, 1, 11, 1, '30'),
(13, 2, 12, 0, '0'),
(14, 2, 13, 0, NULL),
(15, 2, 7, 1, '2'),
(16, 2, 14, 0, '30'),
(17, 2, 15, 1, '0'),
(18, 2, 8, 1, '2'),
(19, 2, 9, 0, '30'),
(20, 2, 10, 1, '30'),
(21, 1, 8, 1, '30'),
(22, 1, 16, 1, '30'),
(23, 1, 17, 1, '30'),
(24, 2, 16, 0, NULL),
(25, 2, 17, 0, NULL),
(26, 1, 22, 1, '30'),
(27, 1, 23, 1, '30'),
(28, 1, 24, 1, '30'),
(29, 1, 25, 1, '30'),
(30, 1, 26, 1, '30'),
(31, 1, 27, 1, '30'),
(32, 1, 28, 1, '30'),
(33, 1, 29, 1, '30'),
(34, 1, 30, 1, '30'),
(35, 1, 31, 1, '30'),
(36, 1, 19, 1, '30'),
(37, 1, 20, 1, '30'),
(38, 1, 10, 1, '30'),
(39, 1, 32, 1, '30'),
(40, 1, 33, 1, '30'),
(41, 1, 34, 1, '30'),
(42, 1, 35, 1, '30'),
(43, 1, 36, 1, '30'),
(44, 2, 18, 0, NULL),
(45, 2, 19, 1, '2'),
(46, 2, 20, 1, '2'),
(47, 2, 21, 1, '30'),
(48, 2, 32, 0, '30'),
(49, 2, 33, 1, '30'),
(50, 1, 12, 1, '30'),
(51, 1, 13, 1, '30'),
(52, 1, 9, 1, '30'),
(53, 1, 37, 1, '30'),
(54, 1, 40, 1, '30'),
(55, 1, 41, 1, '30'),
(56, 1, 42, 1, '30'),
(57, 2, 34, 1, '30'),
(58, 2, 35, 1, '30'),
(59, 2, 36, 1, '30'),
(60, 2, 40, 0, NULL),
(61, 1, 18, 1, '30'),
(62, 1, 14, 1, '30'),
(63, 1, 15, 1, '30'),
(64, 1, 38, 1, '30'),
(65, 1, 39, 1, '30'),
(66, 1, 21, 1, '30'),
(67, 1, 43, 1, '30'),
(68, 3, 3, 0, NULL),
(69, 3, 5, 1, '30'),
(70, 3, 6, 0, NULL),
(71, 3, 8, 0, NULL),
(72, 3, 9, 0, NULL),
(73, 3, 10, 0, NULL),
(74, 3, 1, 0, NULL),
(75, 3, 13, 0, NULL),
(76, 3, 12, 0, NULL),
(77, 1, 44, 1, '30'),
(78, 1, 45, 1, '30');

-- --------------------------------------------------------

--
-- Table structure for table `rate_change`
--

CREATE TABLE IF NOT EXISTS `rate_change` (
  `id` int(11) NOT NULL AUTO_INCREMENT,
  `plot_id` int(11) NOT NULL,
  `previouse_sqAreaCost` float NOT NULL,
  `change_SqAreaCost` float NOT NULL,
  `date` datetime NOT NULL,
  `staff_id` int(11) NOT NULL,
  PRIMARY KEY (`id`)
) ENGINE=InnoDB  DEFAULT CHARSET=latin1 AUTO_INCREMENT=2 ;

--
-- Dumping data for table `rate_change`
--

INSERT INTO `rate_change` (`id`, `plot_id`, `previouse_sqAreaCost`, `change_SqAreaCost`, `date`, `staff_id`) VALUES
(1, 3, 3, 300, '2013-03-26 15:07:04', 0);

-- --------------------------------------------------------

--
-- Table structure for table `users`
--

CREATE TABLE IF NOT EXISTS `users` (
  `id` int(11) NOT NULL AUTO_INCREMENT,
  `name` varchar(255) NOT NULL,
  `username` varchar(255) NOT NULL,
  `password` varchar(255) NOT NULL,
  `created_on` datetime NOT NULL,
  `is_system_admin` tinyint(4) NOT NULL,
  PRIMARY KEY (`id`)
) ENGINE=InnoDB DEFAULT CHARSET=latin1 AUTO_INCREMENT=1 ;

-- --------------------------------------------------------

--
-- Table structure for table `xamount_deposited`
--

CREATE TABLE IF NOT EXISTS `xamount_deposited` (
  `id` int(11) NOT NULL AUTO_INCREMENT,
  `sales_id` int(11) NOT NULL,
  `Amount` int(11) NOT NULL,
  `paid_date` datetime NOT NULL,
  PRIMARY KEY (`id`)
) ENGINE=MyISAM DEFAULT CHARSET=latin1 AUTO_INCREMENT=1 ;

-- --------------------------------------------------------

--
-- Table structure for table `xcustomer`
--

CREATE TABLE IF NOT EXISTS `xcustomer` (
  `id` int(11) NOT NULL AUTO_INCREMENT,
  `name` varchar(255) NOT NULL,
  `Address` varchar(255) NOT NULL,
  `City` varchar(255) NOT NULL,
  PRIMARY KEY (`id`)
) ENGINE=InnoDB  DEFAULT CHARSET=latin1 AUTO_INCREMENT=15 ;

--
-- Dumping data for table `xcustomer`
--

INSERT INTO `xcustomer` (`id`, `name`, `Address`, `City`) VALUES
(1, 'root', 'Ahmdabaad', 'Ahmdabaad'),
(5, 'Ram lal', '46/428, gayatri marg', 'udaipur'),
(6, 'Kishan lal', '48, dhabai ji ka bada', 'bhilwada'),
(7, 'Shon', '56 dhabai ji ka bada', 'banswada'),
(8, 'captan', '42 abc', 'jaipur'),
(9, 'Gowrav vishwakarma', '45425', 'jo52d'),
(10, 'Preeti', '22', 'sfsfs'),
(11, 'Customer new', '', ''),
(12, 'Customer 2', '', ''),
(13, 'Customer 3', '', ''),
(14, 'Customer 4', '', '');

-- --------------------------------------------------------

--
-- Table structure for table `xdistributors`
--

CREATE TABLE IF NOT EXISTS `xdistributors` (
  `id` int(11) NOT NULL AUTO_INCREMENT,
  `customer_id` int(11) NOT NULL,
  `sponsor_id` int(11) NOT NULL,
  `introducer_id` int(11) NOT NULL,
  `legA_id` int(11) NOT NULL,
  `legB_id` int(11) NOT NULL,
  `legC_id` int(11) NOT NULL,
  `legD_id` int(11) NOT NULL,
  `A_Commission` int(11) NOT NULL,
  `B_Commission` int(11) NOT NULL,
  `C_Commission` int(11) NOT NULL,
  `D_Commission` int(11) NOT NULL,
  `Path` text NOT NULL,
  PRIMARY KEY (`id`)
) ENGINE=InnoDB  DEFAULT CHARSET=latin1 AUTO_INCREMENT=6 ;

--
-- Dumping data for table `xdistributors`
--

INSERT INTO `xdistributors` (`id`, `customer_id`, `sponsor_id`, `introducer_id`, `legA_id`, `legB_id`, `legC_id`, `legD_id`, `A_Commission`, `B_Commission`, `C_Commission`, `D_Commission`, `Path`) VALUES
(1, 1, 0, 0, 3, 2, 5, 0, 370, 0, 100, 0, '0'),
(2, 11, 1, 1, 0, 0, 0, 0, 0, 0, 0, 0, '0B'),
(3, 12, 1, 1, 4, 0, 0, 0, 400, 0, 0, 0, '0A'),
(4, 13, 3, 3, 0, 0, 0, 0, 0, 0, 0, 0, '0AA'),
(5, 14, 1, 1, 0, 0, 0, 0, 0, 0, 0, 0, '0C');

-- --------------------------------------------------------

--
-- Table structure for table `xemis`
--

CREATE TABLE IF NOT EXISTS `xemis` (
  `id` int(11) NOT NULL AUTO_INCREMENT,
  `sales_id` int(11) NOT NULL,
  `due_date` datetime NOT NULL,
  `paid_date` datetime NOT NULL,
  `EMIAmount` float NOT NULL,
  `AmountPaid` float NOT NULL,
  `is_master_emi` tinyint(4) NOT NULL DEFAULT '0',
  PRIMARY KEY (`id`)
) ENGINE=InnoDB  DEFAULT CHARSET=latin1 AUTO_INCREMENT=317 ;

--
-- Dumping data for table `xemis`
--

INSERT INTO `xemis` (`id`, `sales_id`, `due_date`, `paid_date`, `EMIAmount`, `AmountPaid`, `is_master_emi`) VALUES
(1, 1, '2013-05-26 00:00:00', '0000-00-00 00:00:00', 6000, 0, 0),
(2, 1, '2013-06-26 00:00:00', '0000-00-00 00:00:00', 6000, 0, 0),
(3, 1, '2013-07-26 00:00:00', '0000-00-00 00:00:00', 6000, 0, 0),
(4, 1, '2013-08-26 00:00:00', '0000-00-00 00:00:00', 6000, 0, 0),
(5, 1, '2013-09-26 00:00:00', '0000-00-00 00:00:00', 6000, 0, 0),
(6, 1, '2013-10-26 00:00:00', '0000-00-00 00:00:00', 6000, 0, 0),
(7, 1, '2013-11-26 00:00:00', '0000-00-00 00:00:00', 6000, 0, 0),
(8, 1, '2013-12-26 00:00:00', '0000-00-00 00:00:00', 6000, 0, 0),
(9, 1, '2014-01-26 00:00:00', '0000-00-00 00:00:00', 6000, 0, 0),
(10, 1, '2014-02-26 00:00:00', '0000-00-00 00:00:00', 6000, 0, 0),
(11, 1, '2014-03-26 00:00:00', '0000-00-00 00:00:00', 6000, 0, 0),
(12, 1, '2014-04-26 00:00:00', '0000-00-00 00:00:00', 6000, 0, 0),
(13, 1, '2014-04-26 00:00:00', '0000-00-00 00:00:00', 18000, 0, 1),
(14, 1, '2014-05-26 00:00:00', '0000-00-00 00:00:00', 6000, 0, 0),
(15, 1, '2014-06-26 00:00:00', '0000-00-00 00:00:00', 6000, 0, 0),
(16, 1, '2014-07-26 00:00:00', '0000-00-00 00:00:00', 6000, 0, 0),
(17, 1, '2014-08-26 00:00:00', '0000-00-00 00:00:00', 6000, 0, 0),
(18, 1, '2014-09-26 00:00:00', '0000-00-00 00:00:00', 6000, 0, 0),
(19, 1, '2014-10-26 00:00:00', '0000-00-00 00:00:00', 6000, 0, 0),
(20, 1, '2014-11-26 00:00:00', '0000-00-00 00:00:00', 6000, 0, 0),
(21, 1, '2014-12-26 00:00:00', '0000-00-00 00:00:00', 6000, 0, 0),
(22, 1, '2015-01-26 00:00:00', '0000-00-00 00:00:00', 6000, 0, 0),
(23, 1, '2015-02-26 00:00:00', '0000-00-00 00:00:00', 6000, 0, 0),
(24, 1, '2015-03-26 00:00:00', '0000-00-00 00:00:00', 6000, 0, 0),
(25, 1, '2015-04-26 00:00:00', '0000-00-00 00:00:00', 6000, 0, 0),
(26, 1, '2015-04-26 00:00:00', '0000-00-00 00:00:00', 18000, 0, 1),
(27, 1, '2015-05-26 00:00:00', '0000-00-00 00:00:00', 6000, 0, 0),
(28, 1, '2015-06-26 00:00:00', '0000-00-00 00:00:00', 6000, 0, 0),
(29, 1, '2015-07-26 00:00:00', '0000-00-00 00:00:00', 6000, 0, 0),
(30, 1, '2015-08-26 00:00:00', '0000-00-00 00:00:00', 6000, 0, 0),
(31, 1, '2015-09-26 00:00:00', '0000-00-00 00:00:00', 6000, 0, 0),
(32, 1, '2015-10-26 00:00:00', '0000-00-00 00:00:00', 6000, 0, 0),
(33, 1, '2015-11-26 00:00:00', '0000-00-00 00:00:00', 6000, 0, 0),
(34, 1, '2015-12-26 00:00:00', '0000-00-00 00:00:00', 6000, 0, 0),
(35, 1, '2016-01-26 00:00:00', '0000-00-00 00:00:00', 6000, 0, 0),
(36, 1, '2016-02-26 00:00:00', '0000-00-00 00:00:00', 6000, 0, 0),
(37, 1, '2016-03-26 00:00:00', '0000-00-00 00:00:00', 6000, 0, 0),
(38, 1, '2016-04-26 00:00:00', '0000-00-00 00:00:00', 6000, 0, 0),
(39, 1, '2016-04-26 00:00:00', '0000-00-00 00:00:00', 18000, 0, 1),
(40, 1, '2016-05-26 00:00:00', '0000-00-00 00:00:00', 6000, 0, 0),
(41, 1, '2016-06-26 00:00:00', '0000-00-00 00:00:00', 6000, 0, 0),
(42, 1, '2016-07-26 00:00:00', '0000-00-00 00:00:00', 6000, 0, 0),
(43, 1, '2016-08-26 00:00:00', '0000-00-00 00:00:00', 6000, 0, 0),
(44, 1, '2016-09-26 00:00:00', '0000-00-00 00:00:00', 6000, 0, 0),
(45, 1, '2016-10-26 00:00:00', '0000-00-00 00:00:00', 6000, 0, 0),
(46, 1, '2016-11-26 00:00:00', '0000-00-00 00:00:00', 6000, 0, 0),
(47, 1, '2016-12-26 00:00:00', '0000-00-00 00:00:00', 6000, 0, 0),
(48, 1, '2017-01-26 00:00:00', '0000-00-00 00:00:00', 6000, 0, 0),
(49, 1, '2017-02-26 00:00:00', '0000-00-00 00:00:00', 6000, 0, 0),
(50, 1, '2017-03-26 00:00:00', '0000-00-00 00:00:00', 6000, 0, 0),
(51, 1, '2017-04-26 00:00:00', '0000-00-00 00:00:00', 6000, 0, 0),
(52, 1, '2017-04-26 00:00:00', '0000-00-00 00:00:00', 18000, 0, 1),
(53, 1, '2017-05-26 00:00:00', '0000-00-00 00:00:00', 6000, 0, 0),
(54, 1, '2017-06-26 00:00:00', '0000-00-00 00:00:00', 6000, 0, 0),
(55, 1, '2017-07-26 00:00:00', '0000-00-00 00:00:00', 6000, 0, 0),
(56, 1, '2017-08-26 00:00:00', '0000-00-00 00:00:00', 6000, 0, 0),
(57, 1, '2017-09-26 00:00:00', '0000-00-00 00:00:00', 6000, 0, 0),
(58, 1, '2017-10-26 00:00:00', '0000-00-00 00:00:00', 6000, 0, 0),
(59, 1, '2017-11-26 00:00:00', '0000-00-00 00:00:00', 6000, 0, 0),
(60, 1, '2017-12-26 00:00:00', '0000-00-00 00:00:00', 6000, 0, 0),
(61, 1, '2018-01-26 00:00:00', '0000-00-00 00:00:00', 6000, 0, 0),
(62, 1, '2018-02-26 00:00:00', '0000-00-00 00:00:00', 6000, 0, 0),
(63, 1, '2018-03-26 00:00:00', '0000-00-00 00:00:00', 6000, 0, 0),
(64, 1, '2018-04-26 00:00:00', '0000-00-00 00:00:00', 6000, 0, 0),
(65, 1, '2018-04-26 00:00:00', '0000-00-00 00:00:00', 18000, 0, 1),
(66, 1, '2018-05-26 00:00:00', '0000-00-00 00:00:00', 6000, 0, 0),
(67, 1, '2018-06-26 00:00:00', '0000-00-00 00:00:00', 6000, 0, 0),
(68, 1, '2018-07-26 00:00:00', '0000-00-00 00:00:00', 6000, 0, 0),
(69, 1, '2018-08-26 00:00:00', '0000-00-00 00:00:00', 6000, 0, 0),
(70, 1, '2018-09-26 00:00:00', '0000-00-00 00:00:00', 6000, 0, 0),
(71, 1, '2018-10-26 00:00:00', '0000-00-00 00:00:00', 6000, 0, 0),
(72, 1, '2018-11-26 00:00:00', '0000-00-00 00:00:00', 6000, 0, 0),
(73, 1, '2018-12-26 00:00:00', '0000-00-00 00:00:00', 6000, 0, 0),
(74, 1, '2019-01-26 00:00:00', '0000-00-00 00:00:00', 6000, 0, 0),
(75, 1, '2019-02-26 00:00:00', '0000-00-00 00:00:00', 6000, 0, 0),
(76, 1, '2019-03-26 00:00:00', '0000-00-00 00:00:00', 6000, 0, 0),
(77, 1, '2019-04-26 00:00:00', '0000-00-00 00:00:00', 6000, 0, 0),
(78, 1, '2019-04-26 00:00:00', '0000-00-00 00:00:00', 18000, 0, 1),
(79, 1, '2019-05-26 00:00:00', '0000-00-00 00:00:00', 6000, 0, 0),
(80, 2, '2013-05-26 00:00:00', '0000-00-00 00:00:00', 6000, 0, 0),
(81, 2, '2013-06-26 00:00:00', '0000-00-00 00:00:00', 6000, 0, 0),
(82, 2, '2013-07-26 00:00:00', '0000-00-00 00:00:00', 6000, 0, 0),
(83, 2, '2013-08-26 00:00:00', '0000-00-00 00:00:00', 6000, 0, 0),
(84, 2, '2013-09-26 00:00:00', '0000-00-00 00:00:00', 6000, 0, 0),
(85, 2, '2013-10-26 00:00:00', '0000-00-00 00:00:00', 6000, 0, 0),
(86, 2, '2013-11-26 00:00:00', '0000-00-00 00:00:00', 6000, 0, 0),
(87, 2, '2013-12-26 00:00:00', '0000-00-00 00:00:00', 6000, 0, 0),
(88, 2, '2014-01-26 00:00:00', '0000-00-00 00:00:00', 6000, 0, 0),
(89, 2, '2014-02-26 00:00:00', '0000-00-00 00:00:00', 6000, 0, 0),
(90, 2, '2014-03-26 00:00:00', '0000-00-00 00:00:00', 6000, 0, 0),
(91, 2, '2014-04-26 00:00:00', '0000-00-00 00:00:00', 6000, 0, 0),
(92, 2, '2014-04-26 00:00:00', '0000-00-00 00:00:00', 18000, 0, 1),
(93, 2, '2014-05-26 00:00:00', '0000-00-00 00:00:00', 6000, 0, 0),
(94, 2, '2014-06-26 00:00:00', '0000-00-00 00:00:00', 6000, 0, 0),
(95, 2, '2014-07-26 00:00:00', '0000-00-00 00:00:00', 6000, 0, 0),
(96, 2, '2014-08-26 00:00:00', '0000-00-00 00:00:00', 6000, 0, 0),
(97, 2, '2014-09-26 00:00:00', '0000-00-00 00:00:00', 6000, 0, 0),
(98, 2, '2014-10-26 00:00:00', '0000-00-00 00:00:00', 6000, 0, 0),
(99, 2, '2014-11-26 00:00:00', '0000-00-00 00:00:00', 6000, 0, 0),
(100, 2, '2014-12-26 00:00:00', '0000-00-00 00:00:00', 6000, 0, 0),
(101, 2, '2015-01-26 00:00:00', '0000-00-00 00:00:00', 6000, 0, 0),
(102, 2, '2015-02-26 00:00:00', '0000-00-00 00:00:00', 6000, 0, 0),
(103, 2, '2015-03-26 00:00:00', '0000-00-00 00:00:00', 6000, 0, 0),
(104, 2, '2015-04-26 00:00:00', '0000-00-00 00:00:00', 6000, 0, 0),
(105, 2, '2015-04-26 00:00:00', '0000-00-00 00:00:00', 18000, 0, 1),
(106, 2, '2015-05-26 00:00:00', '0000-00-00 00:00:00', 6000, 0, 0),
(107, 2, '2015-06-26 00:00:00', '0000-00-00 00:00:00', 6000, 0, 0),
(108, 2, '2015-07-26 00:00:00', '0000-00-00 00:00:00', 6000, 0, 0),
(109, 2, '2015-08-26 00:00:00', '0000-00-00 00:00:00', 6000, 0, 0),
(110, 2, '2015-09-26 00:00:00', '0000-00-00 00:00:00', 6000, 0, 0),
(111, 2, '2015-10-26 00:00:00', '0000-00-00 00:00:00', 6000, 0, 0),
(112, 2, '2015-11-26 00:00:00', '0000-00-00 00:00:00', 6000, 0, 0),
(113, 2, '2015-12-26 00:00:00', '0000-00-00 00:00:00', 6000, 0, 0),
(114, 2, '2016-01-26 00:00:00', '0000-00-00 00:00:00', 6000, 0, 0),
(115, 2, '2016-02-26 00:00:00', '0000-00-00 00:00:00', 6000, 0, 0),
(116, 2, '2016-03-26 00:00:00', '0000-00-00 00:00:00', 6000, 0, 0),
(117, 2, '2016-04-26 00:00:00', '0000-00-00 00:00:00', 6000, 0, 0),
(118, 2, '2016-04-26 00:00:00', '0000-00-00 00:00:00', 18000, 0, 1),
(119, 2, '2016-05-26 00:00:00', '0000-00-00 00:00:00', 6000, 0, 0),
(120, 2, '2016-06-26 00:00:00', '0000-00-00 00:00:00', 6000, 0, 0),
(121, 2, '2016-07-26 00:00:00', '0000-00-00 00:00:00', 6000, 0, 0),
(122, 2, '2016-08-26 00:00:00', '0000-00-00 00:00:00', 6000, 0, 0),
(123, 2, '2016-09-26 00:00:00', '0000-00-00 00:00:00', 6000, 0, 0),
(124, 2, '2016-10-26 00:00:00', '0000-00-00 00:00:00', 6000, 0, 0),
(125, 2, '2016-11-26 00:00:00', '0000-00-00 00:00:00', 6000, 0, 0),
(126, 2, '2016-12-26 00:00:00', '0000-00-00 00:00:00', 6000, 0, 0),
(127, 2, '2017-01-26 00:00:00', '0000-00-00 00:00:00', 6000, 0, 0),
(128, 2, '2017-02-26 00:00:00', '0000-00-00 00:00:00', 6000, 0, 0),
(129, 2, '2017-03-26 00:00:00', '0000-00-00 00:00:00', 6000, 0, 0),
(130, 2, '2017-04-26 00:00:00', '0000-00-00 00:00:00', 6000, 0, 0),
(131, 2, '2017-04-26 00:00:00', '0000-00-00 00:00:00', 18000, 0, 1),
(132, 2, '2017-05-26 00:00:00', '0000-00-00 00:00:00', 6000, 0, 0),
(133, 2, '2017-06-26 00:00:00', '0000-00-00 00:00:00', 6000, 0, 0),
(134, 2, '2017-07-26 00:00:00', '0000-00-00 00:00:00', 6000, 0, 0),
(135, 2, '2017-08-26 00:00:00', '0000-00-00 00:00:00', 6000, 0, 0),
(136, 2, '2017-09-26 00:00:00', '0000-00-00 00:00:00', 6000, 0, 0),
(137, 2, '2017-10-26 00:00:00', '0000-00-00 00:00:00', 6000, 0, 0),
(138, 2, '2017-11-26 00:00:00', '0000-00-00 00:00:00', 6000, 0, 0),
(139, 2, '2017-12-26 00:00:00', '0000-00-00 00:00:00', 6000, 0, 0),
(140, 2, '2018-01-26 00:00:00', '0000-00-00 00:00:00', 6000, 0, 0),
(141, 2, '2018-02-26 00:00:00', '0000-00-00 00:00:00', 6000, 0, 0),
(142, 2, '2018-03-26 00:00:00', '0000-00-00 00:00:00', 6000, 0, 0),
(143, 2, '2018-04-26 00:00:00', '0000-00-00 00:00:00', 6000, 0, 0),
(144, 2, '2018-04-26 00:00:00', '0000-00-00 00:00:00', 18000, 0, 1),
(145, 2, '2018-05-26 00:00:00', '0000-00-00 00:00:00', 6000, 0, 0),
(146, 2, '2018-06-26 00:00:00', '0000-00-00 00:00:00', 6000, 0, 0),
(147, 2, '2018-07-26 00:00:00', '0000-00-00 00:00:00', 6000, 0, 0),
(148, 2, '2018-08-26 00:00:00', '0000-00-00 00:00:00', 6000, 0, 0),
(149, 2, '2018-09-26 00:00:00', '0000-00-00 00:00:00', 6000, 0, 0),
(150, 2, '2018-10-26 00:00:00', '0000-00-00 00:00:00', 6000, 0, 0),
(151, 2, '2018-11-26 00:00:00', '0000-00-00 00:00:00', 6000, 0, 0),
(152, 2, '2018-12-26 00:00:00', '0000-00-00 00:00:00', 6000, 0, 0),
(153, 2, '2019-01-26 00:00:00', '0000-00-00 00:00:00', 6000, 0, 0),
(154, 2, '2019-02-26 00:00:00', '0000-00-00 00:00:00', 6000, 0, 0),
(155, 2, '2019-03-26 00:00:00', '0000-00-00 00:00:00', 6000, 0, 0),
(156, 2, '2019-04-26 00:00:00', '0000-00-00 00:00:00', 6000, 0, 0),
(157, 2, '2019-04-26 00:00:00', '0000-00-00 00:00:00', 18000, 0, 1),
(158, 2, '2019-05-26 00:00:00', '0000-00-00 00:00:00', 6000, 0, 0),
(159, 3, '2013-05-26 00:00:00', '2013-03-26 16:29:32', 6000, 6000, 0),
(160, 3, '2013-06-26 00:00:00', '2013-03-26 16:30:47', 6000, 6000, 0),
(161, 3, '2013-07-26 00:00:00', '2013-03-26 16:32:32', 6000, 6000, 0),
(162, 3, '2013-08-26 00:00:00', '2013-03-26 16:33:27', 6000, 6000, 0),
(163, 3, '2013-09-26 00:00:00', '2013-03-26 16:33:27', 6000, 6000, 0),
(164, 3, '2013-10-26 00:00:00', '0000-00-00 00:00:00', 6000, 0, 0),
(165, 3, '2013-11-26 00:00:00', '0000-00-00 00:00:00', 6000, 0, 0),
(166, 3, '2013-12-26 00:00:00', '0000-00-00 00:00:00', 6000, 0, 0),
(167, 3, '2014-01-26 00:00:00', '0000-00-00 00:00:00', 6000, 0, 0),
(168, 3, '2014-02-26 00:00:00', '0000-00-00 00:00:00', 6000, 0, 0),
(169, 3, '2014-03-26 00:00:00', '0000-00-00 00:00:00', 6000, 0, 0),
(170, 3, '2014-04-26 00:00:00', '0000-00-00 00:00:00', 6000, 0, 0),
(171, 3, '2014-04-26 00:00:00', '0000-00-00 00:00:00', 18000, 0, 1),
(172, 3, '2014-05-26 00:00:00', '0000-00-00 00:00:00', 6000, 0, 0),
(173, 3, '2014-06-26 00:00:00', '0000-00-00 00:00:00', 6000, 0, 0),
(174, 3, '2014-07-26 00:00:00', '0000-00-00 00:00:00', 6000, 0, 0),
(175, 3, '2014-08-26 00:00:00', '0000-00-00 00:00:00', 6000, 0, 0),
(176, 3, '2014-09-26 00:00:00', '0000-00-00 00:00:00', 6000, 0, 0),
(177, 3, '2014-10-26 00:00:00', '0000-00-00 00:00:00', 6000, 0, 0),
(178, 3, '2014-11-26 00:00:00', '0000-00-00 00:00:00', 6000, 0, 0),
(179, 3, '2014-12-26 00:00:00', '0000-00-00 00:00:00', 6000, 0, 0),
(180, 3, '2015-01-26 00:00:00', '0000-00-00 00:00:00', 6000, 0, 0),
(181, 3, '2015-02-26 00:00:00', '0000-00-00 00:00:00', 6000, 0, 0),
(182, 3, '2015-03-26 00:00:00', '0000-00-00 00:00:00', 6000, 0, 0),
(183, 3, '2015-04-26 00:00:00', '0000-00-00 00:00:00', 6000, 0, 0),
(184, 3, '2015-04-26 00:00:00', '0000-00-00 00:00:00', 18000, 0, 1),
(185, 3, '2015-05-26 00:00:00', '0000-00-00 00:00:00', 6000, 0, 0),
(186, 3, '2015-06-26 00:00:00', '0000-00-00 00:00:00', 6000, 0, 0),
(187, 3, '2015-07-26 00:00:00', '0000-00-00 00:00:00', 6000, 0, 0),
(188, 3, '2015-08-26 00:00:00', '0000-00-00 00:00:00', 6000, 0, 0),
(189, 3, '2015-09-26 00:00:00', '0000-00-00 00:00:00', 6000, 0, 0),
(190, 3, '2015-10-26 00:00:00', '0000-00-00 00:00:00', 6000, 0, 0),
(191, 3, '2015-11-26 00:00:00', '0000-00-00 00:00:00', 6000, 0, 0),
(192, 3, '2015-12-26 00:00:00', '0000-00-00 00:00:00', 6000, 0, 0),
(193, 3, '2016-01-26 00:00:00', '0000-00-00 00:00:00', 6000, 0, 0),
(194, 3, '2016-02-26 00:00:00', '0000-00-00 00:00:00', 6000, 0, 0),
(195, 3, '2016-03-26 00:00:00', '0000-00-00 00:00:00', 6000, 0, 0),
(196, 3, '2016-04-26 00:00:00', '0000-00-00 00:00:00', 6000, 0, 0),
(197, 3, '2016-04-26 00:00:00', '0000-00-00 00:00:00', 18000, 0, 1),
(198, 3, '2016-05-26 00:00:00', '0000-00-00 00:00:00', 6000, 0, 0),
(199, 3, '2016-06-26 00:00:00', '0000-00-00 00:00:00', 6000, 0, 0),
(200, 3, '2016-07-26 00:00:00', '0000-00-00 00:00:00', 6000, 0, 0),
(201, 3, '2016-08-26 00:00:00', '0000-00-00 00:00:00', 6000, 0, 0),
(202, 3, '2016-09-26 00:00:00', '0000-00-00 00:00:00', 6000, 0, 0),
(203, 3, '2016-10-26 00:00:00', '0000-00-00 00:00:00', 6000, 0, 0),
(204, 3, '2016-11-26 00:00:00', '0000-00-00 00:00:00', 6000, 0, 0),
(205, 3, '2016-12-26 00:00:00', '0000-00-00 00:00:00', 6000, 0, 0),
(206, 3, '2017-01-26 00:00:00', '0000-00-00 00:00:00', 6000, 0, 0),
(207, 3, '2017-02-26 00:00:00', '0000-00-00 00:00:00', 6000, 0, 0),
(208, 3, '2017-03-26 00:00:00', '0000-00-00 00:00:00', 6000, 0, 0),
(209, 3, '2017-04-26 00:00:00', '0000-00-00 00:00:00', 6000, 0, 0),
(210, 3, '2017-04-26 00:00:00', '0000-00-00 00:00:00', 18000, 0, 1),
(211, 3, '2017-05-26 00:00:00', '0000-00-00 00:00:00', 6000, 0, 0),
(212, 3, '2017-06-26 00:00:00', '0000-00-00 00:00:00', 6000, 0, 0),
(213, 3, '2017-07-26 00:00:00', '0000-00-00 00:00:00', 6000, 0, 0),
(214, 3, '2017-08-26 00:00:00', '0000-00-00 00:00:00', 6000, 0, 0),
(215, 3, '2017-09-26 00:00:00', '0000-00-00 00:00:00', 6000, 0, 0),
(216, 3, '2017-10-26 00:00:00', '0000-00-00 00:00:00', 6000, 0, 0),
(217, 3, '2017-11-26 00:00:00', '0000-00-00 00:00:00', 6000, 0, 0),
(218, 3, '2017-12-26 00:00:00', '0000-00-00 00:00:00', 6000, 0, 0),
(219, 3, '2018-01-26 00:00:00', '0000-00-00 00:00:00', 6000, 0, 0),
(220, 3, '2018-02-26 00:00:00', '0000-00-00 00:00:00', 6000, 0, 0),
(221, 3, '2018-03-26 00:00:00', '0000-00-00 00:00:00', 6000, 0, 0),
(222, 3, '2018-04-26 00:00:00', '0000-00-00 00:00:00', 6000, 0, 0),
(223, 3, '2018-04-26 00:00:00', '0000-00-00 00:00:00', 18000, 0, 1),
(224, 3, '2018-05-26 00:00:00', '0000-00-00 00:00:00', 6000, 0, 0),
(225, 3, '2018-06-26 00:00:00', '0000-00-00 00:00:00', 6000, 0, 0),
(226, 3, '2018-07-26 00:00:00', '0000-00-00 00:00:00', 6000, 0, 0),
(227, 3, '2018-08-26 00:00:00', '0000-00-00 00:00:00', 6000, 0, 0),
(228, 3, '2018-09-26 00:00:00', '0000-00-00 00:00:00', 6000, 0, 0),
(229, 3, '2018-10-26 00:00:00', '0000-00-00 00:00:00', 6000, 0, 0),
(230, 3, '2018-11-26 00:00:00', '0000-00-00 00:00:00', 6000, 0, 0),
(231, 3, '2018-12-26 00:00:00', '0000-00-00 00:00:00', 6000, 0, 0),
(232, 3, '2019-01-26 00:00:00', '0000-00-00 00:00:00', 6000, 0, 0),
(233, 3, '2019-02-26 00:00:00', '0000-00-00 00:00:00', 6000, 0, 0),
(234, 3, '2019-03-26 00:00:00', '0000-00-00 00:00:00', 6000, 0, 0),
(235, 3, '2019-04-26 00:00:00', '0000-00-00 00:00:00', 6000, 0, 0),
(236, 3, '2019-04-26 00:00:00', '0000-00-00 00:00:00', 18000, 0, 1),
(237, 3, '2019-05-26 00:00:00', '0000-00-00 00:00:00', 6000, 0, 0),
(238, 4, '2013-05-26 00:00:00', '2013-03-26 16:21:58', 6000, 6000, 0),
(239, 4, '2013-06-26 00:00:00', '2013-03-26 16:26:48', 6000, 6000, 0),
(240, 4, '2013-07-26 00:00:00', '2013-03-26 16:27:57', 6000, 6000, 0),
(241, 4, '2013-08-26 00:00:00', '2013-03-26 16:28:17', 6000, 6000, 0),
(242, 4, '2013-09-26 00:00:00', '2013-03-26 16:28:38', 6000, 6000, 0),
(243, 4, '2013-10-26 00:00:00', '0000-00-00 00:00:00', 6000, 0, 0),
(244, 4, '2013-11-26 00:00:00', '0000-00-00 00:00:00', 6000, 0, 0),
(245, 4, '2013-12-26 00:00:00', '0000-00-00 00:00:00', 6000, 0, 0),
(246, 4, '2014-01-26 00:00:00', '0000-00-00 00:00:00', 6000, 0, 0),
(247, 4, '2014-02-26 00:00:00', '0000-00-00 00:00:00', 6000, 0, 0),
(248, 4, '2014-03-26 00:00:00', '0000-00-00 00:00:00', 6000, 0, 0),
(249, 4, '2014-04-26 00:00:00', '0000-00-00 00:00:00', 6000, 0, 0),
(250, 4, '2014-04-26 00:00:00', '0000-00-00 00:00:00', 18000, 0, 1),
(251, 4, '2014-05-26 00:00:00', '0000-00-00 00:00:00', 6000, 0, 0),
(252, 4, '2014-06-26 00:00:00', '0000-00-00 00:00:00', 6000, 0, 0),
(253, 4, '2014-07-26 00:00:00', '0000-00-00 00:00:00', 6000, 0, 0),
(254, 4, '2014-08-26 00:00:00', '0000-00-00 00:00:00', 6000, 0, 0),
(255, 4, '2014-09-26 00:00:00', '0000-00-00 00:00:00', 6000, 0, 0),
(256, 4, '2014-10-26 00:00:00', '0000-00-00 00:00:00', 6000, 0, 0),
(257, 4, '2014-11-26 00:00:00', '0000-00-00 00:00:00', 6000, 0, 0),
(258, 4, '2014-12-26 00:00:00', '0000-00-00 00:00:00', 6000, 0, 0),
(259, 4, '2015-01-26 00:00:00', '0000-00-00 00:00:00', 6000, 0, 0),
(260, 4, '2015-02-26 00:00:00', '0000-00-00 00:00:00', 6000, 0, 0),
(261, 4, '2015-03-26 00:00:00', '0000-00-00 00:00:00', 6000, 0, 0),
(262, 4, '2015-04-26 00:00:00', '0000-00-00 00:00:00', 6000, 0, 0),
(263, 4, '2015-04-26 00:00:00', '0000-00-00 00:00:00', 18000, 0, 1),
(264, 4, '2015-05-26 00:00:00', '0000-00-00 00:00:00', 6000, 0, 0),
(265, 4, '2015-06-26 00:00:00', '0000-00-00 00:00:00', 6000, 0, 0),
(266, 4, '2015-07-26 00:00:00', '0000-00-00 00:00:00', 6000, 0, 0),
(267, 4, '2015-08-26 00:00:00', '0000-00-00 00:00:00', 6000, 0, 0),
(268, 4, '2015-09-26 00:00:00', '0000-00-00 00:00:00', 6000, 0, 0),
(269, 4, '2015-10-26 00:00:00', '0000-00-00 00:00:00', 6000, 0, 0),
(270, 4, '2015-11-26 00:00:00', '0000-00-00 00:00:00', 6000, 0, 0),
(271, 4, '2015-12-26 00:00:00', '0000-00-00 00:00:00', 6000, 0, 0),
(272, 4, '2016-01-26 00:00:00', '0000-00-00 00:00:00', 6000, 0, 0),
(273, 4, '2016-02-26 00:00:00', '0000-00-00 00:00:00', 6000, 0, 0),
(274, 4, '2016-03-26 00:00:00', '0000-00-00 00:00:00', 6000, 0, 0),
(275, 4, '2016-04-26 00:00:00', '0000-00-00 00:00:00', 6000, 0, 0),
(276, 4, '2016-04-26 00:00:00', '0000-00-00 00:00:00', 18000, 0, 1),
(277, 4, '2016-05-26 00:00:00', '0000-00-00 00:00:00', 6000, 0, 0),
(278, 4, '2016-06-26 00:00:00', '0000-00-00 00:00:00', 6000, 0, 0),
(279, 4, '2016-07-26 00:00:00', '0000-00-00 00:00:00', 6000, 0, 0),
(280, 4, '2016-08-26 00:00:00', '0000-00-00 00:00:00', 6000, 0, 0),
(281, 4, '2016-09-26 00:00:00', '0000-00-00 00:00:00', 6000, 0, 0),
(282, 4, '2016-10-26 00:00:00', '0000-00-00 00:00:00', 6000, 0, 0),
(283, 4, '2016-11-26 00:00:00', '0000-00-00 00:00:00', 6000, 0, 0),
(284, 4, '2016-12-26 00:00:00', '0000-00-00 00:00:00', 6000, 0, 0),
(285, 4, '2017-01-26 00:00:00', '0000-00-00 00:00:00', 6000, 0, 0),
(286, 4, '2017-02-26 00:00:00', '0000-00-00 00:00:00', 6000, 0, 0),
(287, 4, '2017-03-26 00:00:00', '0000-00-00 00:00:00', 6000, 0, 0),
(288, 4, '2017-04-26 00:00:00', '0000-00-00 00:00:00', 6000, 0, 0),
(289, 4, '2017-04-26 00:00:00', '0000-00-00 00:00:00', 18000, 0, 1),
(290, 4, '2017-05-26 00:00:00', '0000-00-00 00:00:00', 6000, 0, 0),
(291, 4, '2017-06-26 00:00:00', '0000-00-00 00:00:00', 6000, 0, 0),
(292, 4, '2017-07-26 00:00:00', '0000-00-00 00:00:00', 6000, 0, 0),
(293, 4, '2017-08-26 00:00:00', '0000-00-00 00:00:00', 6000, 0, 0),
(294, 4, '2017-09-26 00:00:00', '0000-00-00 00:00:00', 6000, 0, 0),
(295, 4, '2017-10-26 00:00:00', '0000-00-00 00:00:00', 6000, 0, 0),
(296, 4, '2017-11-26 00:00:00', '0000-00-00 00:00:00', 6000, 0, 0),
(297, 4, '2017-12-26 00:00:00', '0000-00-00 00:00:00', 6000, 0, 0),
(298, 4, '2018-01-26 00:00:00', '0000-00-00 00:00:00', 6000, 0, 0),
(299, 4, '2018-02-26 00:00:00', '0000-00-00 00:00:00', 6000, 0, 0),
(300, 4, '2018-03-26 00:00:00', '0000-00-00 00:00:00', 6000, 0, 0),
(301, 4, '2018-04-26 00:00:00', '0000-00-00 00:00:00', 6000, 0, 0),
(302, 4, '2018-04-26 00:00:00', '0000-00-00 00:00:00', 18000, 0, 1),
(303, 4, '2018-05-26 00:00:00', '0000-00-00 00:00:00', 6000, 0, 0),
(304, 4, '2018-06-26 00:00:00', '0000-00-00 00:00:00', 6000, 0, 0),
(305, 4, '2018-07-26 00:00:00', '0000-00-00 00:00:00', 6000, 0, 0),
(306, 4, '2018-08-26 00:00:00', '0000-00-00 00:00:00', 6000, 0, 0),
(307, 4, '2018-09-26 00:00:00', '0000-00-00 00:00:00', 6000, 0, 0),
(308, 4, '2018-10-26 00:00:00', '0000-00-00 00:00:00', 6000, 0, 0),
(309, 4, '2018-11-26 00:00:00', '0000-00-00 00:00:00', 6000, 0, 0),
(310, 4, '2018-12-26 00:00:00', '0000-00-00 00:00:00', 6000, 0, 0),
(311, 4, '2019-01-26 00:00:00', '0000-00-00 00:00:00', 6000, 0, 0),
(312, 4, '2019-02-26 00:00:00', '0000-00-00 00:00:00', 6000, 0, 0),
(313, 4, '2019-03-26 00:00:00', '0000-00-00 00:00:00', 6000, 0, 0),
(314, 4, '2019-04-26 00:00:00', '0000-00-00 00:00:00', 6000, 0, 0),
(315, 4, '2019-04-26 00:00:00', '0000-00-00 00:00:00', 18000, 0, 1),
(316, 4, '2019-05-26 00:00:00', '0000-00-00 00:00:00', 6000, 0, 0);

-- --------------------------------------------------------

--
-- Table structure for table `xplannings`
--

CREATE TABLE IF NOT EXISTS `xplannings` (
  `id` int(11) NOT NULL AUTO_INCREMENT,
  `name` varchar(150) NOT NULL,
  `Phase` varchar(100) NOT NULL,
  `is_private` tinyint(4) NOT NULL DEFAULT '0',
  PRIMARY KEY (`id`)
) ENGINE=InnoDB  DEFAULT CHARSET=latin1 AUTO_INCREMENT=2 ;

--
-- Dumping data for table `xplannings`
--

INSERT INTO `xplannings` (`id`, `name`, `Phase`, `is_private`) VALUES
(1, 'Planning 1', 'Phase A', 0);

-- --------------------------------------------------------

--
-- Table structure for table `xplots`
--

CREATE TABLE IF NOT EXISTS `xplots` (
  `id` int(11) NOT NULL AUTO_INCREMENT,
  `name` varchar(255) NOT NULL,
  `planning_id` int(11) NOT NULL,
  `width` float NOT NULL,
  `height` float NOT NULL,
  `Area` float NOT NULL,
  `status` varchar(20) NOT NULL,
  `block_number` varchar(255) NOT NULL,
  `SqAreaCost` float NOT NULL,
  `is_corner` tinyint(4) NOT NULL,
  `Unit` varchar(255) NOT NULL,
  `date` datetime NOT NULL,
  `salespolicy_id` int(11) NOT NULL,
  PRIMARY KEY (`id`)
) ENGINE=InnoDB  DEFAULT CHARSET=latin1 AUTO_INCREMENT=8 ;

--
-- Dumping data for table `xplots`
--

INSERT INTO `xplots` (`id`, `name`, `planning_id`, `width`, `height`, `Area`, `status`, `block_number`, `SqAreaCost`, `is_corner`, `Unit`, `date`, `salespolicy_id`) VALUES
(1, 'plot1', 1, 25, 30, 750, 'EMISold', 'A', 300, 0, 'sqft', '2013-03-26 00:00:00', 1),
(2, '2', 1, 25, 30, 750, 'EMISold', 'B', 300, 0, 'sqft', '2013-03-26 00:00:00', 1),
(3, 'plot 3', 1, 25, 30, 750, 'EMISold', 'C', 300, 0, 'sqft', '2013-03-26 00:00:00', 1),
(4, 'p 4', 1, 25, 30, 750, 'EMISold', 'A', 300, 0, 'sqft', '2013-03-26 00:00:00', 1),
(5, '5', 1, 25, 30, 750, 'Available', 'a', 300, 0, 'sqft', '2013-03-26 00:00:00', 1),
(6, '6', 1, 25, 30, 750, 'Available', 'c', 300, 0, 'sqft', '2013-03-26 00:00:00', 1),
(7, '6', 1, 25, 30, 750, 'Available', 'B', 300, 0, 'sqft', '2013-03-26 00:00:00', 1);

-- --------------------------------------------------------

--
-- Table structure for table `xsales`
--

CREATE TABLE IF NOT EXISTS `xsales` (
  `id` int(11) NOT NULL AUTO_INCREMENT,
  `plot_id` int(11) NOT NULL,
  `customer_id` int(11) NOT NULL,
  `RatePerSqUnit` int(11) NOT NULL,
  `salespolicy_name` varchar(255) NOT NULL,
  `down_payment` int(11) NOT NULL,
  `total_cost` int(11) NOT NULL,
  `emi_pattern` text NOT NULL,
  `emi_mode` varchar(10) NOT NULL,
  `master_emi` int(11) NOT NULL,
  `no_of_master_emi` int(11) NOT NULL,
  `master_emi_mode` varchar(255) NOT NULL,
  `direct_commission_to_agent` varchar(255) NOT NULL,
  `emi_commission_to_agent` varchar(255) NOT NULL,
  `down_payment_submitted` int(11) NOT NULL DEFAULT '0',
  PRIMARY KEY (`id`)
) ENGINE=InnoDB  DEFAULT CHARSET=latin1 AUTO_INCREMENT=5 ;

--
-- Dumping data for table `xsales`
--

INSERT INTO `xsales` (`id`, `plot_id`, `customer_id`, `RatePerSqUnit`, `salespolicy_name`, `down_payment`, `total_cost`, `emi_pattern`, `emi_mode`, `master_emi`, `no_of_master_emi`, `master_emi_mode`, `direct_commission_to_agent`, `emi_commission_to_agent`, `down_payment_submitted`) VALUES
(1, 1, 11, 300, 'Sales Policy 1', 0, 438000, '6000x73;', 'Monthly', 18000, 0, 'Yearly', '1000', '20', 0),
(2, 2, 12, 300, 'Sales Policy 1', 0, 438000, '6000x73;', 'Monthly', 18000, 0, 'Yearly', '1000', '20', 0),
(3, 3, 13, 300, 'Sales Policy 1', 0, 438000, '6000x73;', 'Monthly', 18000, 0, 'Yearly', '1000', '20', 0),
(4, 4, 14, 300, 'Sales Policy 1', 0, 438000, '6000x73;', 'Monthly', 18000, 0, 'Yearly', '1000', '20', 0);

-- --------------------------------------------------------

--
-- Table structure for table `xsales_policies`
--

CREATE TABLE IF NOT EXISTS `xsales_policies` (
  `id` int(11) NOT NULL AUTO_INCREMENT,
  `name` varchar(255) NOT NULL,
  `down_payment` int(11) NOT NULL,
  `emi_pattern` text NOT NULL,
  `master_emi` int(11) NOT NULL,
  `no_of_master_emi` int(11) NOT NULL,
  `emi_mode` varchar(10) NOT NULL,
  `master_emi_mode` varchar(10) NOT NULL,
  `direct_commission_to_agent` varchar(255) NOT NULL,
  `emi_commission_to_agent` varchar(255) NOT NULL,
  PRIMARY KEY (`id`)
) ENGINE=InnoDB  DEFAULT CHARSET=latin1 AUTO_INCREMENT=2 ;

--
-- Dumping data for table `xsales_policies`
--

INSERT INTO `xsales_policies` (`id`, `name`, `down_payment`, `emi_pattern`, `master_emi`, `no_of_master_emi`, `emi_mode`, `master_emi_mode`, `direct_commission_to_agent`, `emi_commission_to_agent`) VALUES
(1, 'Sales Policy 1', 0, '6000x73;', 18000, 0, 'Monthly', 'Yearly', '1000', '20');

/*!40101 SET CHARACTER_SET_CLIENT=@OLD_CHARACTER_SET_CLIENT */;
/*!40101 SET CHARACTER_SET_RESULTS=@OLD_CHARACTER_SET_RESULTS */;
/*!40101 SET COLLATION_CONNECTION=@OLD_COLLATION_CONNECTION */;
